题名,作者,出版社
平凡的世界,路遙,中国靑年出版社
面包树上的女人,张小娴,南海出版社
活着,余华,南海出版公司
且听风呤,村上春树,上海译文出版社
挪威的森林,村上春树,上海译文出版社
围城,钱钟书,人民文学出版社
挪威的森林,村上春树,漓江出版社
MATLAB 5.x入门与提高,龚剑,清华大学出版社
尘埃落定,阿来,人民文学出版社
喜宝,亦舒,南海出版社
ANSYS工程应用实例解析,龚曙光,机械工业出版社
痞子蔡作品集,,知识出版社
MATLAB程序设计与应用,张智星,清华大学出版社
百年孤独,马尔克斯,浙江文艺出版社
活着,余华,上海文艺出版社
苏菲的世界,贾德,作家出版社
大学物理习题解析,焦兆焕,西安交通大学出版社
白鹿原,陈忠实,人民文学出版社
高等数学题库精编,薛嘉庆,东北大学出版社
离散数学,胡新启,清华大学出版社
平凡的世界,路遙,华夏出版社
大学物理典型题详解,张孝林,科学出版社
撒哈拉的故事,三毛,哈尔滨出版社
最新大学物理440典型题,黄树森,中国建材工业出版社
FLUENT,韩占忠,北京理工大学出版社
大学物理典型题解题思路与技巧,王小力,西安交通大学出版社
大学物理解题指导,邓法金,科学出版社
复变函数与积分变换学习辅导与习题选解,李红,高等教育出版社
果壳中的宇宙,霍金,湖南科学技术出版社
如何阅读一本书,阿德勒,商务印书馆
大学物理知识点精析与解题能力训练,余虹,大连理工大学出版社
穆斯林的葬礼,霍达,十月文艺出版社
牛奶可乐经济学,弗兰克,中国人民大学出版社
复变函数,孙清华,华中科技大学出版社
东方快车谋杀案,克里斯蒂,人民文学出版社
电磁场重点难点及典型题精解,马西奎,西安交通大学出版社
使用ANSYS 6.0进行有限元分析,谭建国,北京大学出版社
源氏物语,紫式部,人民文学出版社
ANSYS工程应用教程,唐兴伦,中国铁道出版社
高等数学典型题,龚冬保,西安交通大学出版社
新编普通物理题解,周逊选,华中理工大学出版社
放学后,东野圭吾,南海出版公司
复变函数与积分变换,杨战民,西安电子科技大学出版社
高等数学辅导,邹本腾,机械工业出版社
固体物理导论,基特尔,化学工业出版社
理想国,柏拉图,人民日报出版社
在细雨中呼喊,余华,南海出版公司
最后一次亲密接触,,知识出版社
复变函数典型题,龚冬保,西安交通大学出版社
梦的解析,弗洛伊德,九州出版社
人性的弱点全集,卡耐基,金城出版社
电磁场与电磁波,戈鲁,机械工业出版社
平凡的世界,路遥,人民文学出版社
数学分析习题课讲义,谢惠民,高等教育出版社
线性代数习题集,王萼芳,清华大学出版社
概率统计辅导,章昕,机械工业出版社
高等数学典型题精解,陈兰祥,学苑出版社
且听风吟,村上春树,上海译文出版社
三个火枪手,大仲马,陕西人民出版社
雪国,川端康成,浙江文艺出版社
覆变函数与积分变換例题与习题解析,孙清华,湖南大学出版社
高等数学,同济大学,高等敎育出版社
呼啸山庄,勃朗特,译林出版社
家,巴金,人民文学出版社
上山·上山·爱,李敖,贵州人民出版社
大学基础物理习题精解,金仲辉,科学出版社
数学模型,姜启源,高等教育出版社
百年孤独,马尔克斯,北京十月文艺出版社
数值分析典型题解析及自测试题,车刚明,西北工业大学出版社
覆变函数全程学习指导,谭欣欣,大连理工大学出版社
概率论与数理统计典型题,龚冬保,西安交通大学出版社
概率论与数理统计辅导,傅维潼,清华大学出版社
Ansoft工程电磁场有限元分析,刘国强,电子工业出版社
离散数学学?练?考,王海艳,清华大学出版社
英语词汇的奥秘,蒋争,中国国际广播出版社
大学物理核心概念和题例详解,梁励芬,复旦大学出版社
大学物理解题指导,王莱,天津大学出版社
富爸爸穷爸爸,清崎,南海出版公司
高等数学解题方法和技巧,陈文灯,中国财政经济出版社
流体力学,景思睿,西安交通大学出版社
通用有限元分析ANSYS 7.0实例精解,倪栋,电子工业出版社
ANSYS基础应用及范例解析,龚曙光,机械工业出版社
复变函数·积分半换,李建林,西北工业大学出版社
概率论与数理统计典型题详解,陈跃,机械工业出版社
离散数学及其应用,Roscn,机械工业出版社
流体力学,周光,高等教育出版社
新编概率论与数理统计题解,赵德修,华中理工大学出版社
ANSYS操作命令与参数化编程,龚曙光,机械工业出版社
大学物理学习指导,阴其俊,华东理工大学出版社
电路典型题解,向国菊,清华大学出版社
理论力学重点难点及典型题精解,周纪卿,西安交通大学出版社
围城,,人民文学出版社
ANSYS 8.0结构分析及实例解析,张朝晖,机械工业出版社
MATLAB 7.0编程基础,王家文,机械工业出版社
大学物理典型题解题方法,王国光,科学出版社
高等应用数学问题的MATLAB求解,薛定宇,清华大学出版社
平凡的世界,路遙,人民文学出版社
数学建模,梁国业,冶金工业出版社
嫌疑人X的献身,东野圭吾,南海出版公司
笑傲江湖,金庸,"广州出版社;""花城出版社"""
<<工程电磁场导论>>习题详解,王仲奕,西安交通大学出版社
ANSYS 8.0工程结构实例分析,赵海峰,中国铁道出版社
MATLAB 7.0从入门到精通,求是科技,人民邮电出版社
高等数学习题课讲义,,高等敎育出版社
经济学原理,曼昆,北京大学出版社
亮剑,都梁,解放军文艺出版社
新概念物理教程,赵凯华,高等敎育出版社
ANSYS工程应用教程,刘国庆,中国铁道出版社
巴黎圣母院,雨果,北京燕山出版社
大学物理学 (第二版) 学习指导与习题解答,张三慧,清华大学出版社
电工电子技术重点难点详解,王建华,西安交通大学出版社
概率论与数理统计,陈希孺,"科学出版社;""中国科学技术大学出版社"""
高等数学例题与习题集,石建城,西安交通大学出版社
红岩,罗广斌,中国靑年出版社
算法导论,科曼,机械工业出版社
线性代数辅导与典型题解析,魏战线,西安交通大学出版社
Java编程思想,埃克尔,机械工业出版社
Mathematica全书,沃尔夫雷姆,西安交通大学出版社
大学物理学,张三慧,清华大学出版社
道德经,老子,安徽人民出版社
国富论,斯密,新世界出版社
康熙大帝,二月河,长江文艺出版社
射雕英雄传,金庸,"广州出版社;""花城出版社"""
小波与傅里叶分析基础,博格斯,电子工业出版社
大学物理解题能力训练,余虹,大连理工大学出版社
大学物理习题集,刘宏清,科学技术文献出版社
高等代数解题方法与技巧,李师正,高等敎育出版社
理论力学学习辅导,程靳,高等教育出版社
人性的弱点全集,卡耐基,中国城市出版社
天龙八部,金庸,"广州出版社;""花城出版社"""
信号与系统,Oppenheim,西安交通大学出版社
高等数学习题集,韩松,机械工业出版社
数学分析中的典型问题与方法,裴礼文,高等教育出版社
数学建模,袁震东,华东师范大学出版社
线性代数复习指导,马杰,机械工业出版社
MATLAB基础与编程入门,张威,西安电子科技大学出版
复变函数知识要点与习题解析,苑延华,哈尔滨工程大学出版社
概率论与数理统计 (浙大·第二版),赵选民,西北工业大学出版社
概率论与数理统计习题详解,李裕奇,西南交通大学出版社
红与黑,斯丹达尔,北京燕山出版社
飘,米切尔,天津科技翻译出版公司
数学分析原理,鲁丁,机械工业出版社
GRE GMAT LSAT逻辑推理,陈向东,世界知识出版社
弹性力学,,高等教育出版社
概率论与数理统计典型例题与解法,蔡海涛,国防科技大学
海边的卡夫卡,村上春树,上海译文出版社
张量分析,黄克智,清华大学出版社
正确写作美国大学生数学建模竞赛论文,贝朗格,高等教育出版社
ANSYS工程应用范例入门与提高,张朝晖,清华大学出版社
国富论,斯密,上海三联书店
货币战争,宋鸿兵,中信出版社
计算方法典型例题与解法,高培旺,国防科技大学出版社
美的历程,李泽厚,天津社会科学院出版社
数学分析教程,常庚哲,高等教育出版社
数学模型,谭永基,复旦大学出版社
现代操作系统,坦尼鲍姆,机械工业出版社
运筹学典型题解析及自测试题,梁工谦,西北工业大学出版社
电动力学题解,林璇英,科学出版社
高等代数与解析几何习题精解,陈志杰,科学出版社
高等数学双博士课堂,邹本腾,机械工业出版社
工科数学分析学习指导,白红,科学出版社
罗杰疑案,克里斯蒂,人民文学出版社
山居笔记,余秋雨,文汇出版社
数学分析解题指南,林源渠,北京大学出版社
数学分析学习指导,裘兆泰,科学出版社
数学建模实验,周义仓,西安交通大学出版社
西方哲学史,希尔贝克,上海译文出版社
象的失踪,村上春树,漓江出版社
血酬定律,吴思,中国工人出版社
C++ Primer Plus中文版,普拉塔,人民邮电出版社
C++ Primer中文版,李普曼,人民邮电出版社
MATLAB数据处理与应用,李强,国防工业出版社
高等数学辅导,邹本腾,机械工业出版社
高等数学中的典型问题与解法,西北工业大学,同济大学出版社
工程数学,王绵森,高等教育出版社
国富论,斯密,华夏出版社
计算方法,邓建中,西安交通大学出版社
计算方法教程,凌永祥,西安交通大学出版社
数学建模竞赛赛题简析与论文点评,赫孝良,西安交通大学出版社
数学建模优秀案例选编,,华南理工大学出版社
有限元分析,莫维尼,电子工业出版社
51系列单片机及C51程序设计,王建校,科学出版社
Mathematica应用实例教程,嘉木工作室,机械工业出版社
MATLAB信号处理详解,陈亚勇,人民邮电出版社
"读大学, 究竟读什么",覃彪喜,南方日报出版社
复变函数与积分变换,李红,"高等敎育出版社;""施普林格出版社"""
固体物理概念题和习题指导,王矜奉,山东大学出版社
精通MFC程序设计,姚领田,人民邮电出版社
明朝那些事儿,当年明月,中国友谊出版公司
神雕侠侣,金庸,"广州出版社;""花城出版社"""
遗传算法原理及应用,周明,国防工业出版社
自动控制原理,张爱民,清华大学出版社
ANSYS 7.0有限元分析实用教程,张亚欧,清华大学出版社
工科数学分析习题与例题解析,孙清华,华中科技大学出版社
计算方法学习指导,陈延梅,科学出版社
鸟哥的Linux私房菜,鸟哥,人民邮电出版社
挪威的森林,村上春树,上海译文出版社
神经网络理论与MATLAB R2007实现,葛哲学,电子工业出版社
数学分析,陈纪修,高等教育出版社
数学分析习题精解,吴良森,科学出版社
数学建模的理论与实践,吴翊,国防科技大学出版社
我与地坛,史铁生,春风文艺出版社
倚天屠龙记,金庸,"广州出版社;""花城出版社"""
第二十二条军规,海勒,译林出版社
固体物理基础,阎守胜,北京大学出版社
计算流体动力学分析,王福军,清华大学出版社
量子力学:导论,格赖纳,北京大学出版社
数值分析学习辅导·习题解析,李红,华中科技大学出版社
孙子兵法,孙武,光明日报出版社
小波分析及其应用,孙延奎,机械工业出版社
小王子,圣埃克苏佩里,上海译文出版社
信号与系统,郑君里,高等教育出版社
<<数学模型 (第三版)>>习题参考解答,姜启源,高等教育出版社
MATLAB 程序设计与应用,刘卫国,高等敎育出版社
Origin实用教程(7.5版),周剑平,西安交通大学出版社
材料力学重点难点及典型题精解,闵行,西安交通大学出版社
复变函数与积分变换,哈尔滨工业大学,科学出版社
高等数学复习指南,陈兰祥,学苑书店
厚黑学全集,李宗吾,九州出版社
哭泣的骆驼,三毛,哈尔滨出版社
数学分析习题课讲义,谢惠民,高等敎育出版社
小说月报第9届百花奖入围作品集,,百花文艺出版社
有机化学典型题解析及自测试题,管萍,西北工业大学出版社
有机化学例题与习题,裴伟伟,高等敎育出版社
竹取物语,佚名氏,云南人民出版社
《电磁场与电磁波》(第3版)教学指导书,赵家升,高等教育出版社
电磁学千题解,张之翔,科学出版社
高等数学学习辅导,张利凯,科学技术文献出版社
鬼车,郑渊洁,学苑出版社
红楼梦,曹雪芹,人民文学出版社
激荡三十年,吴晓波,中信出版社
计算方法典型例题分析,孙志忠,科学出版社
乐理教程,张巍,武汉测绘科技大学出版社
数学物理方法学习指导,姚端正,科学出版社
微分几何讲义,陈省身,北京大学出版社
线性代数与空间解析几何典型题,龚东保,西安交通大学出版社
有限元分析软件,博嘉科技,中国水利水电出版社
运筹学试题精选与答题技巧,徐永仁,哈尔滨工业大学出版社
父亲进城,石钟山,群众出版社
工程电磁场导论,冯慈璋,高等教育出版社
工科数学理论与方法的复习与提高,洪潮兴,华南理工大学出版社
红与黑,司汤达,人民文学出版社
理论力学 (西工大版?哈工大?第六版) 导教?导学?导考,蔡泰信,西北工业大学出版社
理论力学解题指导及习题,柳祖亭,机械工业出版社
量子力学基础,关洪,高等敎育出版社
热工基础与应用,傅秦生,西安交通大学出版社
数学建模技术,谢兆鸿,中国水利水电出版社
数值传热学,陶文铨,西安交通大学出版社
ANSYS 10.0电磁学有限元分析实例指导教程,孙明礼,机械工业出版社
ANSYS 10.0工程电磁分析技术与实例详解,阎照文,中国水利水电出版社
白鹿原,陈忠实,人民文学出版社
常微分方程习题解,庄万,山东科学技术出版社
传热学,皮茨,"科学出版社;""麦格劳-希尔教育出版集团"""
从一到无穷大,盖莫,科学出版社
大学物理题典,胡盘新,上海交通大学出版社
高等数学习题课30讲,徐兵,北京航空航天大学出版社
尼罗河上的惨案,克里斯蒂,人民文学出版社
神经网络模型及其MATLAB仿真程序设计,周开利,清华大学出版社
时间简史,霍金,湖南科学技术出版社
数字电子技术基础学习与解题指南,陈大钦,华中科技大学出版社
线性代数(同济·第三版)导教·导学·导考,陆全,西北工业大学出版社
新概念物理教程,赵凯华,高等教育出版社
羊皮卷,曼迪诺,世界知识出版社
有限元法基础与程序设计,李亚智,科学出版社
战争序幕,埃尔森,"中国社会科学出版社;""海南出版社"""
最优化原理与方法,薛毅,北京工业大学出版社
<<线性代数>>复习指导,胡金德,国家行政学院出版社
ANSYS热分析教程与实例解析,张朝晖,中国铁道出版社
C Primer Plus (第四版) 中文版,普拉塔,人民邮电出版社
Fortran 90编程基础,林晓彤,中国海洋大学出版社
MATLAB 7.0基础教程,孙祥,清华大学出版社
变分法基础,老大中,国防工业出版社
科学计算强档Mathematica 4教程,丁大正,电子工业出版社
理论力学习题详解,赵诒枢,华中科技大学出版社
量子力学教程习题剖析,孙婷雅,科学出版社
人性的弱点,卡耐基,中华工商文联合出版社
数学建模基础,王兵团,"清华大学出版社;""北方交通大学出版社"""
数学建模实验,周义仓,西安交通大学出版社
数学物理方法,胡嗣柱,高等教育出版社
数值分析及其MATLAB实验,姜健飞,科学出版社
物理学第四版习题分析与解答,马文蔚,高等敎育出版社
心理学导论,库恩,中国轻工业出版社
Java编程思想,埃克尔,机械工业出版社
MATLAB实用教程,苏金明,电子工业出版社
TMS320F2812原理与开发,苏奎峰,电子工业出版社
春,巴金,人民文学出版社
复变函数与积分变换,李红,高等敎育出版社
高等数学习题集,陶伟,国家行政学院出版社
工科数学分析基础教学辅导书,武忠祥,高等敎育出版社
固体物理基础,阎守胜,北京大学出版社
理论力学学习指导与典型题精解,沈火明,西南交通大学出版社
两相流与沸腾传热,鲁钟琪,清华大学出版社
平凡的世界,路遥,北京十月文艺出版社
实用英语口语技巧,刘敏,华文出版社
数学分析中的典型问题与方法,裴礼文,高等敎育出版社
数学模型讲义,雷功炎,北京大学出版社
数学试题精选与答题技巧,富景隆,哈尔滨工业大学出版社
数学物理方法,陆全康,高等敎育出版社
斯泰尔斯庄园奇案,克里斯蒂,人民文学出版社
西方哲学简史,赵敦华,北京大学出版社
线性代数辅导,胡金德,清华大学出版社
线性代数学习指导,樊恽,科学出版社
《电磁场与电磁波》教学指导书,杨儒贵,高等教育出版社
ANSYS 8.0热分析教程与实例解析,张朝晖,中国铁道出版社
MATLAB神经网络30个案例分析,MATLAB中文论坛,北京航空航天大学出版社
SPSS宝典,张红兵,电子工业出版社
高等数学经典习题及详解,韩松,机械工业出版社
高等数学竞赛与提高,毛京中,北京理工大学出版社
古今数学思想,克莱因,上海科学技术出版社
计算方法典型题分析解集,封建湖,西北工业大学出版社
经济学原理,曼昆,机械工业出版社
精通Matlab 7,汉泽尔曼,清华大学出版社
理论力学学习与考研指导,程靳,科学出版社
量子力学,曾谨言,
模式分类,杜达,"机械工业出版社;""中信出版社"""
模式识别,边肇祺,清华大学出版社
纳粹,赫泽斯坦,"中国社会科学出版社;""海南出版社"""
品三国,易中天,上海文艺出版社
实验模态分析及其应用,李德葆,科学出版社
数学建模方法,刘承平,高等教育出版社
有限单元法,王勖成,清华大学出版社
MATLAB R2007基础与提高,常巍,电子工业出版社
SQL Server 7.0 入门与提高,周绪,清华大学出版社
编程之美,,电子工业出版社
高等代数解题方法,许甫华,清华大学出版社
高等数学习题课教程,华中理工大学,华中理工大学出版社
激荡三十年,吴晓波,"中信出版社;""杭州"";""浙江人民出版社"""
离散数学教程,耿素云,北京大学出版社
理论力学,哈尔滨工业大学,高等教育出版社
数学建模案例分析,白其崢,海洋出版社
数学建模及其基础知识详解,王文波,武汉大学出版社
数学物理方法,吴崇试,北京大学出版社
数字信号处理教程,程佩靑,清华大学出版社
C++ Primer中文版,利普曼,中国电力出版社
材料力学,范钦珊,高等教育出版社
传热学典型题解析及自测试题,朱惠人,西北工业大学出版社
东京奇谭集,村上春树,上海译文出版社
傅里叶分析及其应用,潘文杰,北京大学出版社
概率论与数理统计习题全解全析,滕素珍,大连理工大学出版社
经济博弈论,谢识予,复旦大学出版社
理论力学,,西北工业大学出版社
力学习题与解答,舒幼生,北京大学出版社
流体力学学习方法及解题指导,程军,同济大学出版社
穆斯林的葬礼,霍达,北京十月文艺出版社
实用数据统计分析及SPSS 12.0应用,章文波,人民邮电出版社
数学建模,徐全智,高等敎育出版社
数值分析 (第四版) 导教·导学·导考,封建湖,西北工业大学出版社
问题解决的数学模型方法,刘来福,北京师范大学出版社
寻找薛定谔的猫,格里宾,海南出版社
阳光下的罪恶,克里斯蒂,人民文学出版社
C和指针,里克,人民邮电出版社
JAVA 2核心技术,霍斯特曼,机械工业出版社
MATLAB函数速查手册,邓薇,人民邮电出版社
VHDL与FPGA设计,胡振华,中国铁道出版社
Visual Fortran 程序设计,唐章宏,人民邮电出版社
大学物理学习指导与提高,林敬与,北京航空航天大学出版社
复变函数,余家荣,高等教育出版社
概率论与数理统计习题集,姚孟臣,机械工业出版社
离散时间信号处理,奥本海姆,西安交通大学出版社
理论力学学习方法及解题指导,韦林,同济大学出版社
连城诀,金庸,"广州出版社;""花城出版社"""
魔鬼经济学,莱维特,广东经济出版社
人性的弱点,檀明山,海峡文艺出版社
上帝掷骰子吗,曹天元,辽宁敎育出版社
神经网络原理,海金,机械工业出版社
声学基础,杜功焕,南京大学出版社
数学分析,龚怀云,西安交通大学出版社
通Visual C++图像处理编程,周长发,电子工业出版社
微分几何入门与广义相对论,梁灿彬,北京师范大学出版社
线性代数,居余马,淸华大学出版社
小逻辑,黑格尔,重庆出版社
影响力,恰尔迪尼,中国人民大学出版社
原子物理学,杨福家,高等教育出版社
2000离散数学习题精解,利普舒茨,"科学出版社;""麦格劳-希尔敎育出版集团"""
ANSYS基础与应用教程,刘相新,科学出版社
Fortran 95程序设计,彭国伦,中国电力出版社
MATLAB M语言高级编程,陈永春,清华大学出版社
MATLAB基础与应用实例集粹,王琦,人民邮电出版社
爱因斯坦的  诡辩 ,布鲁斯,上海科学普及出版社
"别逗了, 费曼先生",,湖南科学技术出版社
传热学,赵镇南,高等教育出版社
傅雷家书,傅雷,生活?读书?新知三联书店
高等数学习题与精解,上海交通大学,上海交通大学出版社
光学习题课教程,郑植仁,哈尔滨工业大学出版社
红与黑,斯丹达尔,上海文艺出版社
计算方法要点与解题,杨泮池,西安交通大学出版社
美学四讲,李泽厚,天津社会科学院出版社
青年7个必要的选择,南山,海潮出版社
撒哈拉的故事,三毛,北京十月文艺出版社
数学分析,徐森林,清华大学出版社
数学模型方法,齐欢,华中理工大学出版社
微积分学教程,菲赫金哥尔茨,高等敎育出版社
线性代数及其应用,莱,机械工业出版社
信号与系统学习指导及习题精解,陈后金,"清华大学出版社;""北京交通大学出版社"""
有限单元法基本原理和数值方法,王勖成,清华大学出版社
最新经典ANSYS及Workbench教程,小飒工作室,电子工业出版社
ANSYS10.0有限元分析自学手册,邓凡平,人民邮电出版社
C程序设计语言,柯尼汉,机械工业出版社
Pride and prejudice,奥斯汀,广州出版社
大学物理通用教程,周岳明,北京大学出版社
弗洛伊德的智慧,弗洛伊德,中国电影出版社
概率统计辅导,陈魁,清华大学出版社
计量经济分析方法与建模EViews应用及实例,高铁梅,清华大学出版社
力学,郑永令,高等教育出版社
模拟CMOS集成电路设计,拉扎维,西安交通大学出版社
数学分析,孙清华,华中科技大学出版社
数学模型,《数学模型》编写组,华南理工大学出版社
数字信号处理学习指导与习题解答,张小虹,机械工业出版社
现代优化计算方法,邢文训,清华大学出版社
线性代数自学指导与习题精解,魏战线,西安交通大学出版社
乡土中国,费孝通,上海人民出版社
小妇人,奥尔科特,外文出版社
愚人颂,,北京图书馆出版社
3000物理习题精解,哈尔彭,科学出版社
ANSYS 11.0基础与典型范例,周长城,电子工业出版社
APDL参数化有限元分析技术及其应用实例,博弈创作室,中国水利水电出版社
Java编程思想,埃克尔,机械工业出版社
LabVIEW 8.20程序设计从入门到精通,陈锡辉,清华大学出版社
Maple高级应用和经典实例,马开平,国防工业出版社
MATLAB从入门到精通,胡晓冬,人民邮电出版社
MATLAB使用详解,董霖,科学出版社
MATLAB语言与数学实验,江世宏,科学出版社
道德经,老子,三秦出版社
非线性最优化,谢政,国防科技大学出版社
分子模拟,弗伦克尔,化学工业出版社
概率论与数理统计学习指导,毛用才,西安电子科技大学出版社
光学,章志鸣,高等教育出版社
计算方法典型例题分析,孙志忠,科学出版社
精通MATLAB,葛哲学,电子工业出版社
流体力学,林建忠,清华大学出版社
六级词汇词根＋联想记忆法,俞敏洪,世界图书出版公司
时生,东野圭吾,南海出版公司
世界是平的,弗里德曼,东方出版社
数据分析,范金城,科学出版社
数学建模,乔达诺,机械工业出版社
数学建模方法与分析,米尔斯切特,机械工业出版社
万历十五年,黄仁宇,中华书局
微积分学教程,菲赫金哥尔茨,高等教育出版社
线性代数习题集,史荣昌,机械工业出版社
数值方法 (MATLAB版),马修斯,电子工业出版社
ANSYS 7.0入门与提高,东方人华,清华大学出版社
Effective C++,迈耶斯,电子工业出版社
SPSS统计分析方法及应用,薛薇,电子工业出版社
病理学彩色图谱,徐国成,辽宁科学技术出版社
传热学,王秋旺,西安交通大学出版社
大学物理学习指导及自测,许丽敏,华东理工大学出版社
大学物理要点与解题,王小力,西安交通大学出版社
大学英语四、六级考试冲刺丛书,王怀贞,科学技术文献出版社
电磁场要点与解题,马西奎,西安交通大学出版社
沸腾传热和气液两相流,徐济jun,原子能出版社
计算方法重点内容重点题,杨泮池,西安交通大学出版社
借我一生,余秋雨,作家出版社
精通MATLAB 7,王正林,电子工业出版社
两相与多相流动力学,郭烈锦,西安交通大学出版社
气液两相流和沸腾传热,林宗虎,西安交通大学出版社
数学物理方法典型题,李惜雯,西安交通大学出版社
数值方法 (MATLAB版),马修斯,电子工业出版社
数值计算方法解题指导,张韵华,科学出版社
侠客行,金庸,"广州出版社;""花城出版社"""
侠客行,金庸,"广州出版社;""花城出版社"""
张爱玲精选集,张爱玲,北京燕山出版社
FLUENT入门与进阶教程,于勇,北京理工大学出版社
MATLAB宝典,陈杰,电子工业出版社
VC++深入详解,孙鑫,电子工业出版社
大学化学精要与典型题解,何培之,西安交通大学出版社
大学基础物理学学习辅导与习题解答,张三慧,清华大学出版社
大学物理学习指导,姜廷玺,东北大学出版社
道德经浅释,熊良山,华中理工大学出版社
高等代数简明教程,蓝以中,北京大学出版社
高等数学 (同济五版) 学习指导与习题全解,雷发社,陕西科学技术出版社
工程热力学,,高等教育出版社
偏微分方程数值解法,陆金甫,清华大学出版社
曲线与曲面的微分几何,卡尔莫,机械工业出版社
热力学与统计力学,格赖纳,北京大学出版社
人淡如菊,亦舒,南海出版社
数学分析习题演练,周民强,科学出版社
数学物理方程与特殊函数学习指导与习题全解,赵振海,大连理工大学出版社
数值分析,金凯德,机械工业出版社
特殊矩阵,陈景良,清华大学出版社
西方哲学史,罗素,北京出版社
心理学与生活,格里格,人民邮电出版社
中国哲学简史,冯友兰,新世纪出版社
追风筝的人,侯赛尼,上海人民出版社
ANSYS 7.0实例精解,姜勇,清华大学出版社
ANSYS 9.0经典产品基础教程与实例详解,博弈创作室,中国水利水电出版社
MATLAB 6.5辅助优化计算与设计,飞思科技产品研发中心,电子工业出版社
MATLAB语言常用算法程序集,龚纯,电子工业出版社
MATLAB在振动信号处理中的应用,王济,"中国水利水电出版社;""知识产权出版社"""
Visual C++经典游戏程序设计,罗伟坚,人民邮电出版社
毕业了，我们一无所有,一草,新星出版社
大学数学,刘坤林,"清华大学出版社;""施普林格出版社"""
电磁场理论基础,王蔷,清华大学出版社
复变函数辅导及习题精解,滕加俊,陕西师范大学出版社
复变函数及应用,布朗,机械工业出版社
概率与统计,施皮格尔,"科学出版社;""麦格劳-希尔敎育出版集团"""
高等传热学学习指导及典型题精解,张强,西安交通大学出版社
混沌及其应用,黄润生,武汉大学出版社
科学与工程数值算法,周长发,清华大学出版社
曼昆《宏观经济学》(第4和5版)笔记和课后习题详解,金圣才,中国石化出版社
秘密,东野圭吾,海南出版社
枪炮、病菌与钢铁,戴蒙德,上海译文出版社
人性的弱点,卡耐基,海潮出版社
数值计算方法,李乃成,西安交通大学出版社
物理学难题集萃,舒幼生,高等敎育出版社
系统工程,汪应洛,机械工业出版社
线性代数与空间解析几何学习指导,俞正光,科学出版社
有限元分析基础篇ANSYS与Matlab,夸克工作室,清华大学出版社
C Primer Plus (第五版) 中文版,普拉塔,人民邮电出版社
Essential C++中文版,李普曼,华中科技大学出版社
Origin 8.0实用指南,方安平,机械工业出版社
尘埃落定,阿来,人民文学出版社
大学生数学建模案例精选,罗万成,西南交通大学出版社
大学物理课程学习与解题指导,李炳虎,湖南大学出版社
丰乳肥臀,莫言,中国工人出版社
复变函数与积分变换学习指导,盖云英,科学出版社
概率论与数理统计,茆诗松,中国统计出版社
概率论与数理统计应用,施雨,西安交通大学出版社
国富论,斯密,陕西人民出版社
哈利·波特与魔法石,Rowling,天津科技翻译出版公司
喚醒心中的巨人,马登,中国发展出版社
量子物理,赵凯华,高等敎育出版社
明朝那些事儿,当年明月,浙江人民出版社
人工神经网络教程,韩力群,北京邮电大学出版社
数学分析,阿波斯托尔,机械工业出版社
万歷十五年,黄仁宇,生活?读书?新知三联书店
物理化学习题详解,汪存信,武汉大学出版社
线性代数习题集,胡显佑,南开大学出版社
肖申克的救赎,金,人民文学出版社
有限元法基础,李人宪,国防工业出版社
数据挖掘导论,谭,人民邮电出版社
ANSYS有限元分析实用教程,李黎明,清华大学出版社
C++语言--习题与解析,李春葆,清华大学出版社
Maple 8基础应用教程,李强,中国水利水电出版社
"别闹了, 费曼先生",范曼,"三联书店;""天下文化出版公司"""
传奇,张爱玲,湖南文艺出版社
单目标、多目标与整数规划,卢开澄,清华大学出版社
电磁场与电磁波,赵家升,西北工业大学出版社
泛函分析,鲁丁,机械工业出版社
非线性振动,刘延柱,高等敎育出版社
复分析,阿尔福斯,机械工业出版社
高等数学金版辅导,陆璇,学苑出版社
高等数学学习辅导与考题解析,黄光谷,华中科技大学出版社
高等数学疑难解析,刘群,东北大学出版社
高效能人士的七个习惯,科维,中国靑年出版社
光学,轩植华,科学出版社
宏观经济学,曼昆,中国人民大学出版社
精通MATLAB 7编程与数据库应用,董振海,电子工业出版社
理想国,柏拉图,九州出版社
鹿鼎记,金庸,"广州出版社;""花城出版社"""
梦的解析,弗洛伊德,上海三联书店
面测,大理,台海出版社
凝聚态物理学,冯端,高等敎育出版社
全球通史,斯塔夫里亚诺斯,北京大学出版社
人工神经网络原理及应用,朱大奇,科学出版社
数学分析,卓里奇,高等敎育出版社
数学建模,杨启帆,高等敎育出版社
数学建模与数学实验,赵静,"高等敎育出版社;""施普林格出版社"""
死亡约会,克里斯蒂,人民文学出版社
微型计算机原理典型题解析及自测试题,乔瑞萍,西北工业大学出版社
线性代数典型题详解,陈跃,机械工业出版社
笑话、幽默与逻辑,谭大容,北京大学出版社
雪山飞狐,金庸,"广州出版社;""花城出版社"""
钟表馆幽灵,绫,珠海出版社
组织和细胞培养技术,章静波,人民卫生出版社
ABC谋杀案,克里斯蒂,人民文学出版社
ANSYS 11.0有限元分析理论与工程应用,张朝晖,电子工业出版社
C++入门经典,霍顿,清华大学出版社
C和指针,里科,人民邮电出版社
DSP的集成开发环境,彭启琮,电子工业出版社
Maple 6实用教程,洪伟,国防工业出版社
MAPLE符号处理及应用,刘辉,国防工业出版社
MATLAB R2006a基础教程,刘慧颖,清华大学出版社
材料科学基础,胡赓祥,上海交通大学出版社
传热学要点与解题,王秋旺,西安交通大学出版社
复变函数论方法,拉夫连季耶夫,高等敎育出版社
工程热力学,波特尔,科学出版社
计算传热学的近代进展,陶文铨,科学出版社
近代优化方法,徐成贤,科学出版社
精通FLUENT 6.3流场分析,李进良,化学工业出版社
鸟哥的Linux私房菜,鸟哥,人民邮电出版社
七剑下天山,梁羽生,"广东旅游出版社;""花城出版社"""
人性的弱点,卡耐基,线装书局
神经计算原理,哈姆,机械工业出版社
生命是什么,薛定谔,湖南科学技术出版社
数学分析,欧阳光中,复旦大学出版社
数学建模方法,朱建靑,郑州大学出版社
数学建模基础,薛毅,北京工业大学出版社
数学物理方法解题指导,胡嗣柱,高等敎育出版社
数值分析,,科学出版社
数字图象处理,冈萨雷斯,电子工业出版社
现代电力系统分析,王锡凡,科学出版社
小波分析与应用实例,徐佩霞,中国科学技术大学出版社
应用计算流体力学,朱自强,北京航空航天大学出版社
有限元方法基础教程,洛根,电子工业出版社
有限元分析的概念与应用,库克,西安交通大学出版社
有限元分析基础篇,夸克工作室,清华大学出版社
张量分析及应用,余天庆,清华大学出版社
重温微积分,齐民友,高等敎育出版社
1Q84,村上春树,南海出版公司
30天精通博弈学,许进,纺织工业出版社
80x86汇编语言程序设计,沈美明,清华大学出版社
Fluent技术基础与应用实例,王瑞金,清华大学出版社
FLUENT流体分析及仿真实用教程,朱红钧,人民邮电出版社
柏拉图对话集,柏拉图,商务印书馆
博弈论的诡计,王春永,中国发展出版社
大学物理学习辅导,刘宏清,科学技术文献出版社
道德经诠释,文选德,湖南人民出版社
电路,邱关源,高等教育出版社
复变函数与积分变换,苏变萍,高等教育出版社
概率论与数理统计,李贤平,复旦大学出版社
概率论与数理统计例题分析与解题指导,俞钟祺,机械工业出版社
概率论与数理统计全程学·练·考,赵衡秀,东北大学出版社
高等数学典型题分析解集,符丽珍,西北工业大学出版社
工科数学分析基础,王绵森,高等教育出版社
宏观经济学,曼昆,中国人民大学出版社
解题之道,钱昌本,西安交通大学出版社
精通MATLAB GUI设计,陈垚光,电子工业出版社
矩阵分析,霍恩,机械工业出版社
卡耐基沟通的艺术,卡耐基,民主与建设出版社
理论力学常见题型解析及模拟题,支希哲,西北工业大学出版社
理论力学辅导,贾书惠,清华大学出版社
理论力学同步辅导,李冬华,哈尔滨工业大学出版社
你不可不知的60个心理定律,庄晞简,企业管理出版社
平板显示技术,应根裕,人民邮电出版社
人工神经网络理论、设计及应用,韩力群,化学工业出版社
数学建模,刘振航,中国人民大学出版社
数学建模,杨启帆,浙江大学出版社
数学物理方程,张渭滨,清华大学出版社
数字信号处理教程习题分析与解答,程佩靑,清华大学出版社
双城记,狄更斯,天津科技翻译出版公司
微分几何,陈维桓,北京大学出版社
小王子,圣埃克絮佩里,中国国际广播出版社
新托福考试口语高分指导,高翠明,中国人民大学出版社
娱乐至死,波兹曼,广西师范大学出版社
运筹学典型例题与解法,蔡海涛,国防科技大学出版社
制冷空调装置仿真与优化,丁国良,科学出版社
［老子］白话今译,张忆,中国书店
ANSYS 12.0宝典,刘伟,电子工业出版社
ANSYS有限元分析从入门到精通,张应迁,人民邮电出版社
COMSOL Multiphysics有限元法多物理场建模与分析,齐默尔曼,人民交通出版社
Fluent技术基础与应用实例,张凯,清华大学出版社
MATLAB基础与应用,张平,北京航空航天大学出版社
MATLAB在数字信号处理中的应用,薛年喜,清华大学出版社
SPSS统计分析从入门到精通,杜强,人民邮电出版社
Visual C++ 6.0程序设计从入门到精通,王正军,人民邮电出版社
大众天文学,弗拉马里翁,广西师范大学出版社
电磁场有限元方法,金建铭,西安电子科技大学出版社
电子技术 (电工学II) 要点与解题,王建华,西安交通大学出版社
动力学系统建模,张景绘,国防工业出版社
广义相对论和宇宙学的物理基础,李复,气象出版社
基于Quartus II的FPGA/CPLD数字系统设计实例,周润景,电子工业出版社
计算机算法,霍罗威茨,机械工业出版社
看绝望的主妇 学美剧高频词,屈文生,机械工业出版社
康熙大帝,二月河,长江文艺出版社
力学,强元,科学出版社
两相流体力学,孔珑,高等教育出版社
纳米技术与纳米材料,张志,国防工业出版社
牛奶可乐经济学,弗兰克,中国人民大学出版社
偏微分方程的MATLAB解法,陆君安,武汉大学出版社
普通物理学教程,梁竹健,高等敎育出版社
热工基础要点与解题,傅秦生,西安交通大学出版社
数学建模案例集,杨启帆,高等敎育出版社
数学建模及典型案例分析,李志林,化学工业出版社
数学模型引论,唐焕文,高等教育出版社
苏菲的世界,戈德尔,天津科技翻译出版公司
铁电体物理学,钟维烈,科学出版社
图论及其算法,殷剑宏,中国科学技术大学出版社
围城,钱钟书,人民文学出版社
我们台湾这些年,廖信忠,重庆出版社
线性代数,陈维新,科学出版社
新参者,东野圭吾,南海出版公司
信号与线性系统,阎鸿森,西安交通大学出版社
优化建模与LINDO/LINGO软件,谢金星,清华大学出版社
张量分析及其应用,李开泰,科学出版社
自然辩证法新编,邬焜,西安交通大学出版社
《随机过程》同步学习指导,张卓奎,西安电子科技大学出版社
<<高等数学>>复习指导,,国家行政学院出版社
ADAMS入门详解与实例,李增刚,国防工业出版社
COMSOL Multiphysics基本操作指南和常见问题解答,马慧,人民交通出版社
C程序设计语言,柯尼汉,机械工业出版社
C语言程序设计教程,谭浩强,高等教育出版社
LATEX入门与提高,陈志杰,高等敎育出版社
MATLAB 7.x数字信号处理,郭仕剑,人民邮电出版社
MATLAB教程,张志涌,北京航空航天大学出版社
MFC窗口程序设计,姚领田,中国水利水电出版社
SPSS 13.0统计软件应用教程,陈平雁,人民卫生出版社
TMS320LF240x DSP C语言开发应用,刘和平,北京航空航天大学出版社
Visual C++ 2005入门经典,霍顿,清华大学出版社
爱的觉醒,克里希那穆提,深圳报业集团出版社
半导体物理学学习辅导与典型题解,田敬民,电子工业出版社
碧血剑,金庸,"广州出版社;""花城出版社"""
传热学,杨世铭,高等敎育出版社
大学物理解题方法与技巧,胡盘新,上海交通大学出版社
电工学 (第六版) 电工技术全程辅导,韩朝,北京理工大学出版社
电工学知识要点与习题解析,姚建红,哈尔滨工程大学出版社
多变量分析,林震岩,北京大学出版社
傅里叶变换及其应用,布雷斯韦尔,西安交通大学出版社
国富论,斯密,中南大学出版社
黄金时代,王小波,上海锦绣文章出版社
计算方法,郑咸义,华南理工大学出版社
杰克·韦尔奇给大学生的11条准则,,石油工业出版社
精通MATLAB神经网络,朱凯,电子工业出版社
科学的历程,吴国盛,北京大学出版社
理论力学辅导与习题集,高云峰,清华大学出版社
流体动力学,休斯,"科学出版社;""麦格劳-希尔教育出版集团"""
毛泽东评点二十四史领导干部读本,毛泽东,内蒙古人民出版社
纳米材料和纳米结构,张立德,科学出版社
人工神经网络导论,蒋宗礼,高等教育出版社
人生的智慧,叔本华,上海人民出版社
神经网络,侯媛彬,西安电子科技大学出版社
圣经故事,房龙,中国国际广播出版社
数据结构,严蔚敏,清华大学出版社
天线,克劳斯,电子工业出版社
图解Origin 8.0科技绘图及数据分析,李润明,人民邮电出版社
微米/纳米尺度传热学,刘静,科学出版社
文明的冲突与世界秩序的重建,亨廷顿,新华出版社
现代光学基础,钟锡华,北京大学出版社
现代压电学,张福学,科学出版社
线性代数学习指南,居余马,清华大学出版社
小波的理论与应用,成礼智,科学出版社
新型PID控制及其应用,陶永华,机械工业出版社
信号与系统要点与解题,王霞,西安交通大学出版社
一百个人的十年,冯骥才,时代文艺出版社
雍正皇帝,二月河,长江文艺出版社
云中命案,克里斯蒂,人民文学出版社
征服Python,孙广磊,人民邮电出版社
轴承一转子系统动力学,虞烈,西安交通大学出版社
最优化计算原理与算法程序设计,粟塔山,国防科技大学出版社
最优化技术方法及 MATLAB 的实现,曹卫华,"化学工业出版社;""敎材出版中心"""
MATLAB/SIMULINK实用教程,张化光,人民邮电出版社
MATLAB数学计算范例教程,石博强,中国铁道出版社
MATLAB遗传算法工具箱及应用,雷英杰,西安电子科技大学出版社
MFC程序开发参考大全,宋坤,人民邮电出版社
SPSS for Windows在医学科研统计中的应用,马斌荣,科学出版社
暗算,麦家,人民文学出版社
材料分析方法,周玉,机械工业出版社
大学物理学习题全解,黄伯坚,电子工业出版社
电磁场理论及应用,马西奎,西安交通大学出版社
电路,邱关源,高等敎育出版社
富爸爸 年轻退休,清崎,电子工业出版社
高等数学典型题,龚冬保,西安交通大学出版社
高等数学典型题精讲,韩云瑞,大连理工大学出版社
高等数学解题方法汇编,韩什元,华南理工大学出版社
高等数学习题全解,陈小柱,大连理工大学出版社
高效能人士的七个习惯,柯维,中国青年出版社
古希腊哲学,苗力田,中国人民大学出版社
红手指,东野圭吾,南海出版公司
基于MATLAB的实用数值计算,石辛民,"清华大学出版社;""北京交通大学出版社"""
教父,普佐,译林出版社
近代光学测试技术,杨国光,浙江大学出版社
昆虫记,法布尔,花城出版社
黎曼几何引论,陈维桓,北京大学出版社
猫眼,,接力出版社
女性人生,林语堂,陕西师范大学出版社
普通物理、大学物理经典名题名师解析,张淳民,科学出版社
撒哈拉的故事,三毛,北京十月文艺出版社
书剑恩仇录,金庸,"广州出版社;""花城出版社"""
数学分析讲义,阿尔希波夫,高等敎育出版社
数学分析新讲,张筑生,北京大学出版社
微波工程基础,李宗谦,清华大学出版社
希腊神话故事,施瓦布,长江文艺出版社
先进PID控制及其MATLAB仿真,刘金琨,电子工业出版社
线性代数,李启文,华中科技大学出版社
线性代数复习指导,陈文灯,清华大学出版社
线性系统理论,郑大钟,清华大学出版社
小波分析理论与MATLAB R2007实现,葛哲学,电子工业出版社
信号与系统典型题解,李学桂,"清华大学出版社;""北京交通大学出版社"""
幽默人生,林语堂,陕西师范大学出版社
有机化学习题详解,龚跃法,华中科技大学出版社
最新版TOEFL词汇精选,张红岩,群言出版社
C程序设计,谭浩强,清华大学出版社
FLUENT流体计算应用教程,温正,清华大学出版社
Jane eyre,勃郎特,广州出版社
LabVIEW 8.2基础教程,雷振山,中国铁道出版社
Linux内核完全剖析,赵炯,机械工业出版社
MATLAB编程基础与典型应用,刘会灯,人民邮电出版社
MATLAB神经网络仿真与应用,张德丰,电子工业出版社
MATLAB小波分析高级技术,周伟,西安电子科技大学出版社
MFC Windows程序设计,普罗西斯,清华大学出版社
阿拉伯帝国,默父,三秦出版社
半导体物理问题与习题,田敬民,国防工业出版社
材料的疲劳,休尔施,国防工业出版社
材料力学,蔡怀崇,西安交通大学出版社
电动力学,虞福春,北京大学出版社
废都,贾平凹,文化艺术出版社
覆变函数 (西交大·第四版)·积分变换 (南工·第三版) 全析精解,李建林,西北工业大学出版社
概率论与数理统计辅导与习题详解,施雨,西安交通大学出版社
高等数学试题解析,王世儒,西安电子科技大学出版社
高等数学试题精选与答题技巧,杨克劭,哈尔滨工业大学出版社
古今数学思想,克莱因,上海科学技术出版社
哈利·波特与魔法石,罗琳,人民文学出版社
华夏美学,李泽厚,天津社会科学院出版社
计量经济学基础,古扎拉蒂,中国人民大学出版社
解剖学逻辑记忆法,张殿明,人民卫生出版社
离散数学,梅家斌,华中科技大学出版社
离散数学,黄健斌,西安电子科技大学出版社
量子力学,苏汝铿,复旦大学出版社
气体放电物理,徐学基,复旦大学出版社
去中国的小船,村上春树,上海译文出版社
人生,路遥,北京十月文艺出版社
生活很简单,光亚,新疆人民出版社
数学建模竞赛,韩中庚,科学出版社
数值计算方法,郑慧娆,武汉大学出版社
数字电路逻辑设计,王毓银,高等教育出版社
数字信号处理解题指导,张立材,北京邮电大学出版社
西线无战事,雷马克,译林出版社
线性代数及其应用,莱,人民邮电出版社
性学三论,弗洛伊德,太白文艺出版社
源氏物语,紫式部,云南人民出版社
智能优化算法及其应用,王凌,"清华大学出版社;""施普林格出版社"""
ABAQUS有限元分析实例详解,石亦平,机械工业出版社
ANSYS 7.0实例分析与应用,郝文化,清华大学出版社
藏地密码,何马,重庆出版社
常微分方程及其应用,周义仓,科学出版社
沉默的大多数,王小波,上海三联书店
大学物理学习参考,叶宝瑞,机械工业出版社
电磁场与电磁波,冯恩信,西安交通大学出版社
非线性振动,周纪卿,西安交通大学出版社
复变函数 (西交大第四版) 积分变换 (东南大学第四版)全程导学及习题全解,靳红,中国时代经济出版社
复变函数与积分变换,白艳萍,国防工业出版社
哈利·波特与阿兹卡班的囚徒,罗林,人民文学出版社
基于运算放大器和模拟集成电路的电路设计,佛朗哥,西安交通大学出版社
计算流体力学,傅德薰,高等教育出版社
矩阵论,方保[rong],清华大学出版社
麦田里的守望者,塞林格,译林出版社
名侦探的守则,东野圭吾,南海出版公司
三重门,韩寒,作家出版社
实分析与复分析,鲁丁,机械工业出版社
数学分析习题集精选精解,吉米多维奇,山东科学技术出版社
数学建模,寿纪麟,西安交通大学出版社
数学建模方法及其应用,韩中庚,高等敎育出版社
数学建模基础知识与案例精选,薛南靑,山东大学出版社
数学模型与数学建模,陈汝栋,国防工业出版社
数字图像处理,冈萨雷斯,电子工业出版社
天黑以后,村上春树,上海译文出版社
王小波全集,王小波,北京理工大学出版社
我的特种生涯,猎鹰,东方出版社
我们仨,杨绛,生活?读书?新知三联书店
吾国与吾民,林语堂,陕西师范大学出版社
现代信号处理,张贤达,清华大学出版社
线形代数辅导讲义,李永乐,国家行政学院出版社
线性代数习题集,史荣昌,机械工业出版社
有限元原理与ANSYS应用指南,商跃进,清华大学出版社
粘性流体动力学基础,陈懋章,高等教育出版社
中国哲学史,北京大学哲学系,北京大学出版社
朱光潜谈美,朱光潜,金城出版社
组织病理学彩色图谱,郭幕依,上海医科大学出版社
最优化技术,邓先礼,重庆大学出版社
ANSYS 11.0基础与实例教程,秦宇,化学工业出版社
ANSYS 12.0有限元分析完全手册,丁毓峰,电子工业出版社
半导体物理学,刘恩科,电子工业出版社
大学音乐,马西平,西安交通大学出版社
断裂理论基础,范天佑,科学出版社
高等数学范例祥解祥释,魏平,西安交通大学出版社
高等数学辅导,盛祥耀,清华大学出版社
呼啸山庄,勃朗特,上海文艺出版社
黄金时代,王小波,长江文艺出版社
货币金融学,李成,科学出版社
计量经济学软件EViews使用指南,张晓峒,南开大学出版社
精通MATLAB接口与编程,王世香,电子工业出版社
毛泽东自传,毛泽东,靑岛出版社
牛奶可乐经济学,弗兰克,中国人民大学出版社
潜规则,吴思,复旦大学出版社
全球通史,斯塔夫里阿诺斯,北京大学出版社
人性的弱点,卡内基,北京理工大学出版社
山海经,史礼心,华夏出版社
设计模式,伽玛,机械工业出版社
十天突破雅思写作,慎小嶷,机械工业出版社
实用小波分析入门,刘涛,国防工业出版社
数据库系统概念,西尔伯沙茨,机械工业出版社
数学分析题解精粹,钱吉林,崇文书局
托马斯微积分,芬尼,高等教育出版社
无机化学释疑与习题解析,迟玉兰,高等教育出版社
西方哲学史,罗素,重庆出版社
战争论,克劳塞维茨,解放军出版社
脂砚斋全评石头记,曹雪芹,东方出版社
最优控制的理论与方法,吴沧浦,国防工业出版社
51单片机C语言应用程序设计实例精讲,戴佳,电子工业出版社
ANSYS有限元数值分析原理与工程应用,张波,清华大学出版社
FORTRAN 90程序设计实验指导与测验,白云,华东理工大学出版社
Gone with the wind,米切尔,广州出版社
Head First设计模式,弗里曼,中国电力出版社
MATLAB数学建模与仿真,周品,国防工业出版社
MATLAB数值计算方法,张德丰,机械工业出版社
MATLAB原理与工程应用,马格雷伯,电子工业出版社
OpenCV教程,刘瑞祯,北京航空航天大学出版社
SPSS 15.0统计分析从入门到精通,刘大海,清华大学出版社
Visual C++数字图像处理开发入门与编程实践,左飞,电子工业出版社
操作系统考研指导,曾平,清华大学出版社
电磁场与电磁波,杨儒贵,高等教育出版社
电磁场与电磁波 (第2版) 学习辅导,冯恩信,西安交通大学出版社
电磁学与电动力学,刘金英,科学出版社
电工技术 (电工学I) 要点与解题,刘晔,西安交通大学出版社
电化学方法,巴德,化学工业出版社
电路同步辅导,孙学芳,航空工业出版社
多相流及其应用,车得福,西安交通大学出版社
功能材料学概论,马如璋,冶金工业出版社
固体物理学基础教程,沈以赴,化学工业出版社
诡辩,张晓芒,企业管理出版社
经济学原理,,"三联书店;""北京大学出版社"""
菊与刀,本尼迪克特,当代世界出版社
矩阵计算,,科学出版社
流体力学要点与解题,张志政,西安交通大学出版社
论语今读,李泽厚,三联书店
芒果街上的小屋,西斯内罗斯,译林出版社
毛泽东的读书生活,龚育之,三联书店
美国之鹰,折鸿雁,西安交通大学出版社
倾城之恋,张爱玲,北京十月文艺出版社
人性的弱点,卡内基,上海三联书店
陕西行知书,豆豆,广东旅游出版社
社会研究方法,巴比,华夏出版社
世界是平的,弗里德曼,湖南科学技术出版社
数据结构与算法分析,魏斯,人民邮电出版社
数学建模与数学实验,赵静,高等教育出版社
数学思维理论,任樟辉,广西敎育出版社
数值计算解题方法与同步训练,同济大学,同济大学出版社
微观经济学,瓦里安,"上海三联书店;""上海人民出版社"""
我不是教你诈,刘墉,接力出版社
西方哲学笔记,张祥龙,北京大学出版社
线性代数与解析几何,郑广平,复旦大学出版社
乡土中国,费孝通,江苏文艺出版社
信号与系统,海金,电子工业出版社
许三观卖血记,余华,作家出版社
有限元分析,布坎南,"科学出版社;""麦格劳-希尔教育出版集团"""
有限元分析基础,,武汉大学出版社
1Q84,村上春树,南海出版公司
ANSYS 11.0结构与热力学有限元分析实例指导教程,王建江,机械工业出版社
Fluent高级应用与实例分析,江帆,清华大学出版社
Fortran语言课程辅导与习题解析,龙瀛,人民邮电出版社
Mathematica软件与数学教学,梁浩云,华南理工大学出版社
MATLAB 2009从入门到精通,崔智全,中国铁道出版社
MATLAB 7.0实用宝典,景振毅,中国铁道出版社
MATLAB 7.0图形图像处理,王家文,国防工业出版社
MATLAB使用详解,董霖,电子工业出版社
MATLAB数值分析与应用,张德丰,国防工业出版社
MFC编程技巧与范例详解,曾凡锋,清华大学出版社
Origin 7.5入门与提高,张昌松,化学工业出版社
Origin 8.0应用实例详解,于成龙,化学工业出版社
安徒生童话全集,安徒生,清华大学出版社
编码的奥秘,佩措尔德,机械工业出版社
楚留香传奇,古龙,珠海出版社
大学物理学习指导与解题指南,王莉,机械工业出版社
道德经,李湘雅,人民文学出版社
电力电子技术,王兆安,机械工业出版社
概率论与数理统计辅导及习题精解,张天德,中国社会出版社
概率论与数理统计要点与解题,龚冬保,西安交通大学出版社
格林童话全集,格林,清华大学出版社
工程热力学,何雅玲,西安交通大学出版社
工程热力学总复习,童钧耕,上海交通大学出版社
海边的卡夫卡,村上春树,上海译文出版社
界面化学基础,朱[bu]瑤,化学工业出版社
经济学的思维方式,海涅,世界图书出版公司北京公司
锂离子电池,吴宇平,化学工业出版社
烈火如歌,明晓溪,新世界出版社
美丽与哀愁,刘兰芳,东方出版社
女法医手记,王雪梅,中国检察出版社
人生关系学,和仁,西北大学出版社
深入理解计算机系统,布赖恩特,中国电力出版社
胜利女神,折鸿雁,西安交通大学出版社
世界优秀统计工具SPSS 11统计分析教程,张文彤,北京希望电子出版社
数学模型方法及应用,熊启才,重庆大学出版社
数字信号处理,郑南宁,清华大学出版社
王小波作品精编,王小波,漓江出版社
微观经济学,平代克,中国人民大学出版社
我所知道的慈禧太后,叶赫那拉·根正,金城出版社
无机化学典型题解析及自测试题,岳红,西北工业大学出版社
物理化学学习指导,傅玉普,大连理工大学出版社
物理学教程 (《物理学》第四版·改编版) 导教·导学·导考,黄海清,西北工业大学出版社
西点军校的经典法则,杨立军,学林出版社
现代社会心理学,周晓虹,上海人民出版社
小波变换与工程应用,彭玉华,科学出版社
新编FORTRAN 90程序设计教程,白云,北京交通大学出版社
雪国·古都,川端康成,译林出版社
有限单元法,薛守义,中国建材工业出版社
中国历代政治得失,钱穆,三联书店
资本论,马克思,人民日报出版社
资本战争,马丁,天津敎育出版社
ANSYS工程结构数值分析,王新敏,人民交通出版社
C++基础教程,马利克,清华大学出版社
C++面向对象程序设计,谭浩强,清华大学出版社
FLUENT——流体工程仿真计算实例与应用,韩占忠,北京理工大学出版社
FORTRAN完全自学手册,陈科,机械工业出版社
MATLAB从入门到精通,丁毓峰,化学工业出版社
Matlab时频分析技术及其应用,葛哲学,人民邮电出版社
MATLAB实用教程,郑阿奇,电子工业出版社
Patran从入门到精通,刘兵山,中国水利水电出版社
PSpice电路设计实用教程,李永平,国防工业出版社
Visual C++开发入门与编程实践,屈磊,电子工业出版社
包法利夫人,福楼拜,长江文艺出版社
不能承受的生命之轻,昆德拉,上海译文出版社
纯粹理性批判,康德,中国人民大学出版社
大学物理辅导,曹文斗,天津大学出版社
代数数论,冯克勤,科学出版社
弹性固体中波的传播,阿肯巴克,同济大学出版社
电磁场与电磁波习题精解,焦其祥,科学出版社
电动力学,罗春荣,西安交通大学出版社
风流才子纪晓岚,李建良,长春出版社
高等数学全程辅导,陈洪明,中国建材工业出版社
高等数学同步辅导,曹铁川,大连理工大学出版社
工程材料科学与设计,谢弗,机械工业出版社
固体物理,韦丹,清华大学出版社
固体物理教程,王矜奉,山东大学出版社
哈利·波特与「混血王子」,罗林,人民文学出版社
混沌七鉴,布里格斯,上海科技教育出版社
计量经济学导论,伍尔德里奇,中国人民大学出版社
精通Verilog HDL语言编程,刘波,电子工业出版社
抗美援朝,张笑天,吉林摄影出版社
量子力学习题精解,吴强,科学出版社
流体力学及其工程应用,芬尼莫尔,机械工业出版社
流体力学题解,张也影,北京理工大学出版社
梦的解析,弗洛伊德,光明日报出版社
男人来自火星 女人来自金星,格雷,重庆出版社
普通物理学 (第五版) 习题分析与解答,胡盘新,高等敎育出版社
热力学·统计物理,汪志诚,高等教育出版社
人性的弱点全集,卡耐基,中国致公出版社
人与自我,夏中义,广西师范大学出版社
世界尽头与冷酷仙境,村上春树,译文出版社
数值计算方法和算法,张韵华,科学出版社
算法竞赛入门经典,刘汝佳,清华大学出版社
随机过程典型题解析及自测试题,潘高田,西北工业大学出版社
图论导引,韦斯特,机械工业出版社
微机原理与接口技术要点与解题,马瑞芳,西安交通大学出版社
西方的智慧,罗素,中国妇女出版社
线性代数复习指导,马杰,机械工业出版社
新托福考试口语专项突破模拟试题,泰德时代新托福考试研究中心,中国人民大学出版社
新型功能材料,贡长生,化学工业出版社
信号与系统,乐正友,清华大学出版社
在路上,凯鲁亚克,上海译文出版社
智能控制理论和方法,李人厚,西安电子科技大学出版社
周易正宗,马恒君,华夏出版社
Fluent 12流体分析及工程仿真,朱红钧,清华大学出版社
MATLAB神经网络应用设计,傅荟璇,机械工业出版社
Moment in Peking,林语堂,外语敎学与硏究出版社
SGI STL源码剖析,候捷,华中科技大学出版社
暗算,麦家,作家出版社
半导体物理与器件,尼曼,电子工业出版社
博弈论,麦凯恩,机械工业出版社
布局天下,饶胜文,解放军出版社
测度论与概率论基础,程士宏,北京大学出版社
楚留香传奇,古龙,当代世界出版社
大自然如何工作,巴克,华中师范大学出版社
电机学,菲茨杰拉德,电子工业出版社
分子模拟的理论与实践,陈正隆,化学工业出版社
芙蓉镇,古华,人民文学出版社
复变函数·积分变换,李建林,西北工业大学出版社
傅里叶变换,冷建华,清华大学出版社
工程热力学学习指导,武淑萍,中国电力出版社
固体理论讲义,丁大同,南开大学出版社
花凋,张爱玲,江苏文艺出版社
基于神经网络的智能诊断,虞和济,冶金工业出版社
计算机视觉,福赛思,电子工业出版社
精通MATLAB,王正林,电子工业出版社
理论力学典型题解析及自测试题,和兴锁,西北工业大学出版社
流体力学,丁祖荣,高等教育出版社
麦肯锡方法,拉塞尔,华夏出版社
美学三书,李泽厚,安徽文艺出版社
女心理师,毕淑敏,重庆出版社
偏微分方程教程,阿斯马尔,机械工业出版社
汽轮机与燃气轮机原理及应用,黄庆宏,东南大学出版社
枪炮、病菌与钢铁,戴蒙德,上海译文出版社
社会心理学,迈尔斯,人民邮电出版社
圣经故事,刘意靑,中国对外翻译出版公司
圣女的救济,东野圭吾,当代世界出版社
书剑恩仇录,金庸,"广州出版社;""花城出版社"""
数据库原理典型题解析及自测试题,王亚平,西北工业大学出版社
数学分析习题及其解答,邹应,武汉大学出版社
数字电子技术基础,阎石,高等敎育出版社
数字图像处理,Castleman,电子工业出版社
数字信号处理基础及MATLAB实现,周辉,"中国林业出版社;""北京希望电子出版社"""
数字信号处理学习指导与题解,丁玉美,电子工业出版社
围城,钱钟书,三联书店
物理化学 (第五版) 全程导学及习题全解,于文静,中国时代经济出版社
希腊诸神传,斯菲罗亚,国际文化出版公司
线性代数典型例题与解法,甘志雄,国防科技大学出版社
线性代数与解析几何,杨奇,天津大学出版社
相对论,爱因斯坦,北京出版社
新托福考试写作剖析及真题范文,包凡一,群言出版社
一个陌生女人的来信,茨威格,上海译文出版社
应用STATA做统计分析,汉密尔顿,重庆大学出版社
赢在心态,卡耐基,海潮出版社
有限单元法及程序设计,刘尔烈,天津大学出版社
<<无机及分析化学>>习题精解与学习指南,黄蔷蕾,高等教育出版社
C++面向对象程序设计,萨维茨基,清华大学出版社
FORTRAN语言程序设计,,中国电力出版社
MATLAB 7.0/Simulink 6.0建模仿真开发与高级工程应用,黄永安,清华大学出版社
MATLAB 7.6从入门到精通,张琨,电子工业出版社
MATLAB数值分析,周品,机械工业出版社
MATLAB数值分析与应用,宋叶志,机械工业出版社
SPSS统计分析实例精选,蔡建琼,清华大学出版社
Visual C++程序设计自学手册,宋坤,人民邮电出版社
半导体物理学,刘恩科,西安交通大学出版社
编程之道,詹姆斯,电子工业出版社
博弈论与信息经济学,张维迎,"上海人民出版社;""上海三联书店"""
拆掉思维里的墙,古典,中国书店
传热学,章熙民,中国建筑工业出版社
弹性力学学习方法及解题指导,王俊民,同济大学出版社
电磁场与电磁波典型题解析及自测试题,赵家升,西北工业大学出版社
电动力学学习指导与习题详解,郭芳侠,陕西师范大学出版社
电力电子系统建模及控制,徐德鸿,机械工业出版社
电路原理,江缉光,清华大学出版社
飞狐外传,金庸,"广州出版社;""花城出版社"""
概率论与数理统计指导,鲍兰平,清华大学出版社
高等量子力学,喀兴林,高等敎育出版社
高等数学,林源渠,机械工业出版社
高等数学典型题精讲,,大连理工大学出版社
高等数学典型题题典,刘坤林,东北大学出版社
高等数学难题解题方法选讲,孙洪祥,机械工业出版社
古墓之谜,克里斯蒂,人民文学出版社
古希腊罗马神话与传奇,舒维普,广西师范大学出版社
关于女人,卡内基,延边人民出版社
国史大纲,钱穆,商务印书馆
活着,余华,作家出版社
计算流体力学及其并行算法,王承尧,国防科技大学出版社
矩阵分析与应用,张贤达,清华大学出版社
快速傅里叶变换及其C程序,蒋长锦,中国科学技术大学出版社
老子今注今译,陈鼓应,商务印书馆
离散数学引论,王义和,哈尔滨工业大学出版社
理论力学要点与解题,韩省亮,西安交通大学出版社
力学,朗道,高等敎育出版社
量子电动力学,格雷纳,北京大学出版社
潜伏,龙一,百花洲文艺出版社
十天突破雅思写作,慎小嶷,机械工业出版社
世界上最神奇的24堂课,哈内尔,新世界出版社
数据结构题集,严蔚敏,清华大学出版社
数学模型与计算,赵东方,科学出版社
数学物理方程,季孝达,科学出版社
数字集成电路,拉贝,电子工业出版社
唐人故事,王小波,中国档案出版社
天才在左 疯子在右,高铭,武汉大学出版社
统计物理学,苏汝铿,高等敎育出版社
统计学,贾俊平,清华大学出版社
微积分题解,周泰文,华中科技大学出版社
微积分学教程,菲赫金哥尔茨,高等敎育出版社
线性代数习题集,王庆成,科学技术文献出版社
线性代数专题分析与解题指导,赵慧斌,北京大学出版社
悬崖山庄奇案,克里斯蒂,人民文学出版社
遗传算法及其应用,陈国良,人民邮电出版社
艺伎回忆录,戈尔登,上海译文出版社
有机化学学习指导,朱红军,化学工业出版社
有限元方法及其应用,李开泰,科学出版社
中华中篇小说百年精华,中国社会科学院,人民文学出版社
组合数学,卢开澄,清华大学出版社
ANSYS 12.0有限元分析与范例解析,王金龙,机械工业出版社
LATEX入门与提高,陈志杰,高等敎育出版社
MATLAB/Simulink建模与仿真实例精讲,张德丰,机械工业出版社
TI DSP集成化开发环境 (CCS) 使用手册,美国德州仪器公司,清华大学出版社
碧血剑,金庸,"广州出版社;""花城出版社"""
邊城,沈从文,岳麓书社出版社
材料分析测试技术,周玉,哈尔滨工业大学出版社
材料科学基础,赵品,哈尔滨工业大学出版社
材料力学,刘鸿文,高等敎育出版社
常微分方程,蓬特里亚金,高等敎育出版社
聪明的投资者,格雷厄姆,人民邮电出版社
弹性理论基础,陆明万,清华大学出版社
等离子体粒子模拟,邵福球,科学出版社
邓小平文选,邓小平,人民出版社
电化学教程,郭鹤桐,天津大学出版社
电机的DSP控制技术及其应用,谢宝昌,北京航空航天大学出版社
电力系统暂态分析,李光琦,中国电力出版社
复变函数,杨纶标,科学出版社
高等数学解题方法技巧归纳,毛纲源,华中科技大学出版社
光学,蔡履中,山东大学出版社
混沌与秩序,克拉默,上海科技敎育出版社
基础拓扑学,阿姆斯特朗,人民邮电出版社
记住你是谁,韦德曼,商务印书馆
晶体物理学基础,陈纲,科学出版社
朗文 外研社新概念英语,Alexander,"外语敎学与研究出版社;""朗文出版亚洲有限公司"""
离散数学常见题型解析及模拟题,傅彦,西北工业大学出版社
漫步华尔街,马尔基尔,机械工业出版社
美国,中央电视台,中国民主法制出版社
普京大传,丁志可,中国档案出版社
人性记录,克里斯蒂,人民文学出版社
神经网络,史忠植,高等敎育业出版社
圣经故事,马克斯威尔,上海译文出版社
实变函数内容、方法与技巧,孙清华,华中科技大学出版社
数学分析的方法与题解,赵显曾,陕西师范大学出版社
涡旋压缩机及其它涡旋机械,顾兆林,陕西科学技术出版社
无人生还,克里斯蒂,贵州人民出版社
物理化学学习指南,高盘良,高等教育出版社
西方哲学十五讲,张志伟,北京大学出版社
小波分析及其工程应用,杨建国,机械工业出版社
新托福考试听力胜经,许杨,群言出版社
一口气读完日本史,孙秀玲,京华出版社
遗传算法的数学基础,张文修,西安交通大学出版社
荧光分析法,许金钩,科学出版社
优化理论与方法,万仲平,武汉大学出版社
有机化学,杨悟子,华东理工大学出版社
运筹学习题集,胡运权,清华大学出版社
运筹学与最优化Matlab编程,吴祈宗,机械工业出版社
自动控制原理全程导学及习题全解,王莹莹,中国时代经济出版社
最优化原理、方法及求解软件,阳明盛,科学出版社
 信号与系统 解题指南,胡光锐,科学出版社
《结构力学》学习指导及题解大全,包世华,武汉理工大学出版社
ANSYS 7.0分析实例与工程应用,邢静忠,机械工业出版社
C++程序设计彻底研究,张耀仁,中国铁道出版社
C陷阱与缺陷,凯尼格,人民邮电出版社
C语言入门经典,霍顿,清华大学出版社
MATLAB 6.5辅助小波分析与应用,飞思科技产品研发中心,电子工业出版社
MATLAB 7.0从入门到精通,刘保柱,人民邮电出版社
MATLAB 7.0控制系统应用与实例,刘叔军,机械工业出版社
MATLAB语言实用教程,马莉,清华大学出版社
MATLAB在控制系统中的应用,张静,电子工业出版社
Python基础教程,赫特兰,人民邮电出版社
SPSS统计应用实务,吴明隆,科学出版社
白鹿原,陈忠实,长江文艺出版社
北京法源寺,李敖,中国友谊出版公司
贝叶斯统计,茆诗松,中国统计出版社
冰与火之歌,马丁,重庆出版社
材料分析方法,周玉,机械工业出版社
材料力学学习指导与解题指南,范钦珊,清华大学出版社
初等数论,潘承洞,北京大学出版社
初等数论,闵嗣鹤,高等教育出版社
磁性材料,田民波,清华大学出版社
大秦帝国,孙皓晖,河南文艺出版社
大学英语6级考试710分阅读理解,徐广联,华东理工大学出版社
电路 (第五版) 习题解析,王仲奕,西安交通大学出版社
费恩曼物理学讲义,范曼,上海科学技术出版社
富爸爸投资指南,清崎,电子工业出版社
概率论和数理统计,梅长林,西安交通大学出版社
高等代数,丘维声,高等敎育出版社
固体本构关系,黄克智,清华大学出版社
固体理论,李正中,高等敎育出版社
固体物理学,陈长乐,科学出版社
光学,,高等教育出版社
国富论,斯密,新世界出版社
呼兰河传,萧红,陕西师范大学出版社
计量经济学导论,,中国人民大学出版社
进化计算,,国防科技大学出版社
经济学原理,马歇尔,南海出版公司
了不起的盖茨比,菲茨杰拉德,上海三联书店
离散数学,孙吉贵,高等教育出版社
锂离子电池,郭炳,中南大学出版社
量子力学教程,曾谨言,科学出版社
卢梭忏悔录,卢梭,华文出版社
命若琴弦,史铁生,江苏文艺出版社
啤酒谋杀案,克里斯蒂,人民文学出版社
品三国前传之汉代风云人物,易中天,东方出版社
群论及其在固体物理中的应用,徐婉棠,高等敎育出版社
人人博弈论,王则柯,中信出版社
神经计算智能基础,靳蕃,西南交通大学出版社
实变函数论,徐森林,中国科学技术大学出版社
实分析与泛函分析,匡继昌,高等教育出版社
数学建模方法与分析,米尔斯切特,机械工业出版社
谈话技巧,斋藤茂太,科学出版社
天地有大美,法默,上海科技敎育出版社
微观经济学十八讲,平新乔,北京大学出版社
温柔一刀,,广西人民出版社
问卷设计手册,董明伟,中国时代经济出版社
物理化学解题指南,陈平初,高等敎育出版社
乡土中国,费孝通,北京出版社
小波十讲,多布,国防工业出版社
月亮与六便士,毛姆,上海译文出版社
怎样读五线谱,李重光,湖南文艺出版社
张量分析,田宗若,西北工业大学社出版社
资本论,马克思,三联书店
自动控制理论,沈传文,西安交通大学出版社
70天攻克考研英语阅读,江涛,石油工业出版社
ANSYS应用实例与分析,邢静忠,科学出版社
C++面向对象多线程编程,休斯,人民邮电出版社
DSP集成开发环境CCS使用指南,尹勇,北京航空航天大学出版社
Inventor 10中文版机械设计高级应用实例,胡仁喜,机械工业出版社
Jane Eyre,勃朗特,大连理工大学出版社
Java程序设计语言,阿诺德,人民邮电出版社
LabVIEW 8.20中文版编程及应用,刘刚,电子工业出版社
MATLAB R2007基础教程,刘慧颖,清华大学出版社
MATLAB在时间序列分析中的应用,张善文,西安电子科技大学出版社
MFC程序设计轻松入门,欧阳志宏,人民邮电出版社
SPSS在统计分析中的应用,朱建平,清华大学出版社
The count of Monte Cristo,大仲马,大连理工大学出版社
TOEFL词汇词根＋联想记忆法,俞敏洪,世界图书出版公司
TOEFL词组,王玉梅,北京世界图书出版公司
UNIX环境高级编程,,人民邮电出版社
Visual C++数字图像处理典型算法及实现,求是科技,人民邮电出版社
爱的艺术,弗罗姆,光明日报出版社
表面、界面和胶体,迈尔斯,"化学工业出版社;""材料科学与工程出版中心"""
差分方程和常微分方程,阮炯,复旦大学出版社
常微分方程,焦宝聪,清华大学出版社
超大规模集成电路与系统导论,尤耶缪拉,电子工业出版社
当我谈跑步时，我谈些什么,村上春树,南海出版公司
电力电子应用技术的MATLAB仿真,林飞,中国电力出版社
恶意,,南海出版公司
泛函分析,胡适耕,"高等教育出版社;""施普林格出版社"""
高等电磁理论,傅君眉,西安交通大学出版社
高等数学,龚冬保,西安交通大学出版社
高等数学辅导,盛祥耀,华大学出版社
固体物理简明教程,蒋平,复旦大学出版社
固体物理学,房晓勇,哈尔滨工业大学出版社
光学,王楚,北京大学出版社
黑天鹅,塔勒布,中信出版社
厚黑学全本,李宗吾,群言出版社
换热器原理与设计,余建祖,北京航空航天大学出版社
黄河鬼棺,南派三叔,文汇出版社
基础德语,王志强,同济大学出版社
"金刚经;""心经"";""坛经""",陈秋平,中华书局
局外人,加缪,浙江文艺出版社
看绝望的主妇 学地道美语,屈文生,机械工业出版社
狼道,罗宇,中国纺织出版社
理论力学思考题解,程靳,高等敎育出版社
力学,舒幼生,北京大学出版社
量子计算和量子信息,尼尔森,清华大学出版社
量子力学,皮莱格,科学出版社
路遙精选集,路遙,北京燕山出版社
论人类不平等的起源,卢梭,九州出版社
罗马十二帝王传,苏维托尼乌斯,商务印书馆
麦田里的守望者,塞林格,译林出版社
蛮荒记,树下野狐,新星出版社
梦的释义,弗洛伊德,新世界出版社
模拟电子技术基础,杨拴科,高等教育出版社
飘,米切尔,译林出版社
实变函数与泛函分析,郭懋正,北京大学出版社
数据分析与科学绘图软件ORIGIN详解,王秀峰,化学工业出版业
数据库系统概论,萨师煊,高等敎育出版社
数学考研教程,龚冬保,西安交通大学出版社
数学模型应用实例,杨桂元,合肥工业大学出版社
数学物理方程,戴嘉尊,东南大学出版社
数值计算方法学习指导,刘玲,科学出版社
数字电子技术要点与解题,张锡赓,西安交通大学出版社
陶哲轩实分析,陶哲轩,人民邮电出版社
瓦尔登湖,梭罗,当代世界出版社
外科医生,王晓方,作家出版社
微分方程数值解法,余德浩,科学出版社
微分流形初步,陈维桓,高等教育出版社
"围城;""人·兽·鬼""",钱钟书,生活读书新知三联书店
现代控制理论,张嗣瀛,清华大学出版社
现代控制理论习题集,高立群,清华大学出版社
线性代数辅导及习题精解,胡一鸣,中国社会出版社
心灵简史,汉弗莱,中国友谊出版公司
学习OpenCV,布拉德斯基,清华大学出版社
一夜盛开如玫瑰,池莉,中国文联出版社
仪器分析,武汉大学化学系,高等教育出版社
应用弹塑性力学,徐秉业,清华大学出版社
英语背诵范文精华,谭卫国,华东理工大学出版社
有限元基础教程,曾攀,高等教育出版社
原子核物理,卢希庭,原子能出版社
制冷与空调装置,袁秀玲,西安交通大学出版社
自动控制理论例题习题集·考研试题解析,翁贻方,机械工业出版社
80天攻克雅思,何佳韦,石油工业出版社
ANSYS 11.0有限元分析入门与提高,胡国良,国防工业出版社
ANSYS工程结构实用案例分析,李卫民,化学工业出版社
C语言编程,科汉,电子工业出版社
Fortran 95/2003程序设计,查普曼,中国电力出版社
Head first servlets & JSP,巴沙姆,中国电力出版社
Linux操作系统内核实习,纳特,机械工业出版社
MATLAB 7.0在图像处理中的应用,罗军辉,机械工业出版社
MATLAB GUI设计学习手记,罗华飞,北京航空航天大学出版社
MATLAB从入门到精通,周建兴,人民邮电出版社
MATLAB图像处理与界面编程宝典,秦襄培,电子工业出版社
傲慢与偏见,奥斯丁,世界图书出版公司
半导体器件物理,施敏,西安交通大学出版社
博弈论经典,库恩,中国人民大学出版社
城南旧事,林海音,人民文学出版社
春,巴金,人民文学出版社
弹性力学题解,刘小明,华中科技大学出版社
弹性力学与张量分析,郭日修,高等教育出版社
邓小平文选,邓小平,人民出版社
电机学,阎治安,西安交通大学出版社
复变函数论,张锦豪,"高等教育出版社;""施普林格出版社"""
傅雷家书,傅敏,天津社会科学院出版社
概率论与数理统计习题全解,王丽燕,大连理工大学出版社
钢铁是怎样炼成的,奥斯特洛夫斯基,内蒙古大学出版社
高等数学(同济四版)考点精析与习题全解,翁晓龙,光明日报出版社
高等数学习题精解精析,田勇,科学技术文献出版社
高效能人士的50个习惯,胡宝林,万卷出版公司
工程陶瓷材料,,西安交通大学出版社
国富论,斯密,武汉大学出版社
哈利·波特与凤凰社,罗林,人民文学出版社
零下一度,韩寒,万卷出版公司
流体力学,张鸣远,高等教育出版社
流体力学学习辅导与习题精解,蔡增基,中国建筑工业出版社
美国文化背景,戴特斯曼,世界图书出版公司
梦的解析,弗洛伊德,北京出版社
模拟电子技术基础,华成英,高等敎育出版社
彷徨之刃,东野圭吾,南海出版社
培养男子汉,曼斯菲尔德,海潮出版社
人工智能,尼尔森,机械工业出版社
日本,中央电视台,中国民主法制出版社
社会契约论,卢梭,北京出版社
社会网络分析方法,斯科特,重庆大学出版社
社会心理学,阿伦森,中国轻工业出版社
谁杀了她,东野圭吾,南海出版公司
数字电子技术学习辅导及习题详解,高吉祥,电子工业出版社
说谎者的扑克牌,刘易斯,中信出版社
台北人,白先勇,花城出版社
统计基础和SPSS 11.0入门与提高,东方人华,清华大学出版社
伟大的博弈,戈登,中信出版社
物理手册,施托克尔,北京大学出版社
系统科学,许国志,上海科技敎育出版社
线性代数辅导,苏志平,中国建材工业出版社
信号与系统知识要点与习题解析,刘继承,哈尔滨工程大学出版社
有限元方法,靑克维奇,清华大学出版社
源氏物语,紫式部,人民文学出版社
怎样读简谱,李重光,湖南文艺出版社
张量及其在连续介质力学中的应用,黄义,冶金工业出版社
资治通鉴,司马光,北岳文艺出版社
子夜,茅盾,人民文学出版社
自控力,何常明,金城出版社
自由选择,弗里德曼,机械工业出版社
《孙子》通鉴,刘彦强,中国文史出版社
ADAMS－虛拟样机技术入门与提高,,机械工业出版社
CMOS超大规模集成电路设计,韦斯特,中国电力出版社
C程序设计,谭浩强,清华大学出版社
C专家编程,范德林登,人民邮电出版社
Kalman滤波理论及其在导航系统中的应用,付梦印,科学出版社
MATLAB 7.0程序设计快速入门,岂兴明,人民邮电出版社
MATLAB科学计算与可视化仿真宝典,刘正君,电子工业出版社
MATLAB小波分析,张德丰,机械工业出版社
Patran和Nastran有限元分析专业教程,马爱军,清华大学出版社
白银时代,王小波,上海三联书店
材料力学学习方法及解题指导,顾志荣,同济大学出版社
大学算法教程,约翰逊鲍,清华大学出版社
大学物理手册,胡盘新,上海交通大学出版社
弹性力学复习与解题指导,王俊民,同济大学出版社
当下的力量,托利,中信出版社
动量、热量和质量传递原理,威尔特,化学工业出版社
复变函数,潘永亮,科学出版社
概率论与数理统计学习辅导,贺兴时,陕西科学技术出版社
高等代数学习指导书,丘维声,清华大学出版社
高等转子动力学,闻邦椿,机械工业出版社
高电压工程基础,施围,机械工业出版社
格林童话全集,格林,译林出版社
怪诞行为学,艾瑞里,中信出版社
哈利·波特与火焰杯,罗林,人民文学出版社
韩信,李凤生,华夏出版社
宏观经济学,曼昆,中国人民大学出版社
厚黑学,李宗吾,江苏文艺出版社
呼啸山庄,勃朗特,长江文艺出版社
机械系统动力学分析及ADAMS应用教程,陈立平,清华大学出版社
基督山伯爵,大仲马,长江文艺出版社
菊与刀,贝内迪克特,上海三联出版社
开关电源技术,杨旭,机械工业出版社
控制系统计算机辅助设计,薛定宇,清华大学出版社
恋人絮语,巴尔特,上海人民出版社
逻辑思维训练,张晓芒,企业管理出版社
美学散步,宗白华,上海人民出版社
情商决定命运,彭书淮,中国民航出版社
杀死一只反舌鸟,李,译林出版社
生活中的博弈论,谢洪波,中国书店
十宗罪,蜘蛛,湖南文艺出版社
时间序列的理论与方法,布罗克韦尔,"高等敎育出版社;""施普林格出版社"""
实验动物学,,第二军医大学出版社
世界未解之谜,李冶威,光明日报出版社
数学分析习题课选讲,贺自树,重庆大学出版社
数值分析,李庆扬,"清华大学出版社;""施普林格出版社"""
数值计算方法,魏毅强,科学出版社
数字信号处理,莱昂斯,机械工业出版社
双城记,狄更斯,北京燕山出版社
苏东坡传,林语堂,陕西师范大学出版社
俗世奇人,冯骥才,作家出版社
微观经济学,平代克,中国人民大学出版社
文明的冲突与世界秩序的重建,亨廷顿,新华出版社
线性代数金版辅导,王华,学苑出版社
线性代数学习指导与习题精解,杨刚,北京理工大学出版社
线性代数要点与解题,魏战线,西安交通大学出版社
新编高等数学题解,王东生,华中理工大学出版社
源氏物语,(日)紫式部,深圳报业集团出版社
再袭面包店,村上春树,上海译文出版社
自然哲学的数学原理,牛顿,重庆出版社
2000工程热力学习题精解,李雷,"科学出版社;""麦格劳-希尔敎育出版集团"""
ANSYS 10.0/LS-DYNA基础理论与工程实践,李裕春,中国水利水电出版社
ANSYS 10.0机械设计高级应用实例,王庆五,机械工业出版社
ANSYS结构有限元高级分析方法与范例应用,尚晓江,中国水利水电出版社
C++编程思想,埃克尔,机械工业出版社
Excel统计应用实务,吴权威,中国水利水电出版社
Fluent 6.3流场分析从入门到精通,周俊波,机械工业出版社
Inventor 9中文版机械设计高级应用实例,郑娟,机械工业出版社
Jave2核心技术,霍斯特曼,机械工业出版社
LabVIEW 8.2.1与DAQ数据采集,龙华伟,清华大学出版社
MATLAB数字信号处理与应用,李正周,清华大学出版社
MSP430单片机常用模块与综合系统实例精讲,秦龙,电子工业出版社
Python语言入门,卢兹,中国水利水电出版社
Short stories of O. Henry,欧·亨利,靑岛出版社
巴黎圣母院,雨果,中国书籍出版社
巴黎圣母院,雨果,上海文艺出版社
百年孤独,加西亚·马克斯,南海出版公司
材料科学基础,陶杰,化学工业出版社
材料力学要点与解题,闵行,西安交通大学出版社
菜根谭,洪应明,京华出版社
茶花女,小仲马,上海三联书店
查特莱夫人的情人,劳伦斯,陕西人民出版社
大学物理学习辅导,朱峰,清华大学出版社
电动机的DSP控制,王晓明,北京航空航天大学出版社
电动力学教学指导,宋福,西安交通大学出版社
电工学习题精解(第六版),李玲远,西南交通大学出版社
电路原理学习指导与习题集,徐福媛,清华大学出版社
概率论与数理统计习题集,姚孟臣,中国人民大学出版社
高等代数解题方法,许甫华,清华大学出版社
高等工程流体力学练习题解,张鸣远,西安交通大学出版社
高等数学全程导学,刘后邘,湖南科学技术出版社
高压断路器原理和应用,徐国政,清华大学出版社
工程湍流,梁在潮,华中理工大学出版社
固体物理及物理量测量,林鸿生,科学出版社
寒夜,巴金,人民文学出版社
黑铁时代,王小波,上海三联书店
厚黑学,李宗吾,汕头大学出版社
呼兰河传,萧红,长江文艺出版社
环氧树脂及其应用,陈平,"化学工业出版社;""材料科学与工程出版中心"""
混沌时间序列分析及其应用,吕金虎,武汉大学出版社
货币金融学,米什金,清华大学出版社
机器学习导论,阿培丁,机械工业出版社
机械设计基础,陈晓南,科学出版社
机械设计基础导教·导学·导考,郭瑞峰,西北工业大学出版社
计算多体系统动力学,洪嘉振,高等教育出版社
精通CFD工程仿真与案例实战,李鹏飞,人民邮电出版社
开关电源的原理与设计,张占松,电子工业出版社
理论力学基本训练,唐晓雯,科学出版社
麦田里的守望者,塞林格,译林出版社
内燃机热力过程模拟,刘永长,机械工业出版社
女人是宇宙一滴水,憨氏,内蒙古文化出版社
偏微分方程数值解法,孙志忠,科学出版社
飘,米切尔,中国国际广播出版社
清华大学建筑学院设计系列课教案与学生作业选,周燕珉,清华大学出版社
日本获奖推理小说选,李重民,九州出版社
杀人之门,东野圭吾,南海出版公司
世界上最伟大的推销员,曼迪诺,海天出版社
数据结构,严蔚敏,清华大学出版社
数学建模精品案例,朱道元,东南大学出版社
数学物理方法要点与解题,李惜雯,西安交通大学出版社
苏东坡传,林语堂,现代敎育出版社
同级生,东野圭吾,南海出版公司
王小波全集,王小波,云南人民出版社
无人生还,克里斯蒂,新星出版社
细说黄帝内经,徐芹庭,新世界出版社
现代控制系统,多尔夫,高等敎育出版社
现代数学建模方法,王庚,科学出版社
线性代数习题课教程,林升旭,华中科技大学出版社
斜阳,太宰治,重庆出版社
新量子世界,海伊,湖南科学技术出版社
信号处理滤波器设计,卢托瓦茨,电子工业出版社
信息论基础,科弗,机械工业出版社
雅思写作官方题库范文大全,杨凡,世界知识出版社
一九八四/动物农场,奥韦尔,译林出版社
意志力训练手册,哈多克,中国发展出版社
运筹学,徐渝,清华大学出版社
直流无刷电动机原理及应用,张琛,机械工业出版社
庄子哲学,王博,北京大学出版社
资本论,马克思,武汉出版社
罪与罚,陀思妥耶夫斯基,人民文学出版社
1973年的弹子球,村上春树,上海译文出版社
51单片机应用从零开始,杨欣,清华大学出版社
ADAMS基础与工程范例教程,石博强,中国铁道出版社
C++ Primer(第4版) 习题解答,蒋爱军,人民邮电出版社
Inventor 7 (中文版)实例教程,刘东,北京理工大学出版社
LabVIEW虚拟仪器程序设计从入门到精通,林静,人民邮电出版社
Linux内核完全注释,赵炯,机械工业出版社
Matlab 7.0/Simulink 6.0应用实例仿真与高效算法开发,黄永安,清华大学出版社
MATLAB科学计算,周博,机械工业出版社
Matlab小波分析与应用,高志,国防工业出版社
PSpice电路编辑程序设计,苏宏宇,国防工业出版社
SPSS for windows 10.0 科研统计应用,贾恩志,东南大学出版社
ubuntu官方指南,希尔,人民邮电出版社
Verilog HDL与数字电路设计,王冠,机械工业出版社
傲慢与偏见,奥斯汀,上海译文出版社
傲慢与偏见,奥斯汀,陕西人民出版社
白鹿原,陈忠实,人民文学出版社
百年思索,龙应台,南海出版公司
半导体物理学,刘恩科,电子工业出版社
城记,王军,生活.读书.新知三联书店
纯粹理性批判,康德,人民出版社
电力电子技术计算机仿真实验,李传琦,电子工业出版社
分析化学,武汉大学,高等教育出版社
腐蚀电化学原理,曹楚南,"化学工业出版社;""工业装备与信息工程出版中心"""
复变函数习题精解精练,苑延华,哈尔滨工程大学出版社
"富爸爸, 穷爸爸",清崎,世界图书出版公司
伽利略的苦恼,东野圭吾,当代世界出版社
概率论与数理统计习题课教程,魏国强,南京大学出版社
高等数学题典,,上海交通大学出版社
基础乐理,尤静波,湖南文艺出版社
基于ABAQUS的有限元分析和应用,庄茁,清华大学出版社
晶体化学及晶体物理学,廖立兵,地质出版社
精通LabVIEW程序设计,张桐,电子工业出版社
精通MATLAB最优化计算,龚纯,电子工业出版社
空中杀人现场,东野圭吾,南海出版公司
理论力学,马尔克耶夫,高等敎育出版社
量子物理史话,曹天元,辽宁敎育出版社
林徽因传,张清平,百花文艺出版社
明朝那些事儿,当年明月,中国海关出版社
模态分析技术,管迪华,清华大学出版社
平行世界·爱情故事,东野圭吾,南海出版公司
燃气轮机传热和冷却技术,韩介勤,西安交通大学出版社
热交换器原理与设计,史美中,东南大学出版社
莎士比亚经典悲剧,莎士比亚,京华出版社
社会资本,林南,上海人民出版社
深入Java虛拟机,文纳斯,机械工业出版社
神探伽利略,东野圭吾,化学工业出版社
十天突破雅思口语,慎小嶷,机械工业出版社
数学模型及其应用,戴名强,科学出版社
数学物理方程的MATLAB解法与可视化,彭芳麟,清华大学出版社
数学物理方程及特殊函数,王载舆,清华大学出版社
数值分析,沙伊德,"科学出版社;""麦格劳-希尔敎育出版集团"""
数字信号处理,张小虹,机械工业出版社
睡眠之道,静一,中国华侨出版社
斯普特尼克恋人,村上春树,上海译文出版社
孙子兵法现代释用,上官觉人,中国华侨出版社
王迈迈六级英语辅导大全,王迈迈,中国致公出版社
网络优化,谢金星,清华大学出版社
我是猫,夏目漱石,上海译文出版社
现代通信原理,罗新民,高等教育出版社
现代压电学,张福学,科学出版社
线性代数课程学习及考研辅导,徐仲,天津大学出版社
线性代数与解析几何习题集解析,郑广平,复旦大学出版社
小波分析及其应用,李弼程,电子工业出版社
新标准韩国语,金重燮,外语敎学与硏究出版社
许三观卖血记,余华,上海文艺出版社
旋转压缩机,马国远,机械工业出版社
一个陌生女人的来信,茨威格,北京燕山出版社
以Excel和SPSS为工具的管理统计,张建同,清华大学出版社
应用随机过程教程及在算法和智能计算中的随机模型,龚光鲁,清华大学出版社
英语讲演台,赵国柱,天津大学出版社
有限单元法教程,王焕定,哈尔滨工业大学出版社
有限元方法的数学基础,王烈衡,科学出版社
运筹学,甘应爱,清华大学出版社
振动力学,谢官模,国防工业出版社
自己动手写操作系统,于渊,电子工业出版社
ACM程序设计培训教程,吴昊,中国铁道出版社
ANSYS 12.0有限元分析从入门到精通,张红松,机械工业出版社
BJ单身日记,菲尔丁,天津人民出版社
C++数值算法,普雷斯,电子工业出版社
GRE写作论证论据素材大全,韦晓亮,群言出版社
Logistic回归模型,王济川,高等敎育出版社
MATLAB 工程计算,史密斯,清华大学出版社
MATLAB实用教程,张磊,人民邮电出版社
PSpice电路优化程序设计,李永平,国防工业出版社
STATA在统计与计量分析中的应用,王群勇,南开大学出版社
TOEFL托福全真题高分作文,胡敏,中国广播电视出版社
Verilog HDL程序设计实例详解,张延伟,人民邮电出版社
VHDL语言100例详解,北京理工大学ASIC研究所,清华大学出版社
Visual C++编程从基础到实践,李建华,电子工业出版社
Wuthering Heights,勃朗特,世界图书出版公司
X射线衍射分析原理与应用,刘粤惠,化学工业出版社
薄膜材料与薄膜技术,郑伟涛,化学工业出版社材料科学与工程出版中心
博弈论,弗登博格,中国人民大学出版社
不能承受的生命之轻,昆德拉,上海译文出版社
陈寅恪魏晋南北朝史讲演录,陈寅恪,贵州人民出版社
大学数学,萧树铁,高等教育出版社
大学物理学习辅导与自测,何国兴,东华大学出版社
大学英语六级完全解读手册,常春藤英语敎学硏究中心,上海敎育出版社
电化学阻抗谱导论,曹楚南,科学出版社
电力电子和电力拖动控制系统的MATLAB仿真,洪乃刚,机械工业出版社
电子技术(电工学II)学习指导典型题解,王建华,西安交通大学出版社
多元统计分析与应用,余锦华,中山大学出版社
放学后,东野圭吾,南海出版公司
非线性动力系统分析引论,盛昭瀚,科学出版社
非线性声学,钱祖文,科学出版社
浮生六记,沈复,长江文艺出版社
复变函数要点与解题,龚冬保,西安交通大学出版社
概率论与数理统计习题与解答,茆诗松,中国统计出版社
高等数学典型例题与解法,李建平,国防科技大学出版社
高等数学习题课28讲,苏德矿,浙江大学出版社
高温合金,黄乾尧,冶金工业出版社
高效六级词汇映象速记,李鹏,西安交通大学出版社
光荣日,韩寒,万卷出版公司
机器学习方法,蒋艳凰,电子工业出版社
机械故障诊断学,钟秉林,机械工业出版社
基本乐理教程,晏成?,人民音乐出版社
基础拓扑学讲义,尤承业,北京大学出版社
金融学,博迪,中国人民大学出版社
精神分析引论,弗洛伊德,人民日报出版社
卡耐基魅力女性金言,刘玉倩,中国经济出版社
科技英语论文实用写作指南,俞炳丰,西安交通大学出版社
流体力学习题解析,周谟蟾,华中理工大学出版社
梦的解析,弗洛伊德,北京理工大学出版社
南京大屠杀,张纯如,东方出版社
能量系统的热力学分析方法,傅秦生,西安交通大学出版社
普京的冷面人生,曲铮,东方出版社
千年一叹,余秋雨,作家出版社
求职面试500句应对制胜策略,刘大卫,华东师范大学出版社
三国演义,罗贯中,三秦出版社
三国演义,罗贯中,人民文学出版社
数据结构,殷人昆,清华大学出版社
数据库系统概念,西尔伯沙茨,机械工业出版社
数学史通论,卡茨,高等敎育出版社
数学物理方程,谷超豪,高等教育出版社
数字电子技术基础,阎石,高等教育出版社
数字图像处理,普拉特,机械工业出版社
随机过程,路德曼,电子工业出版社
陶瓷的结构与性能,,科学出版社
统计学习理论的本质,瓦普尼克,清华大学出版社
我杀了他,东野圭吾,南海出版公司
无师自通学围棋,刘骆生,湖北科学技术出版社
物理化学习题解析,李文斌,天津大学出版社
希腊神话与英雄传说,郑振铎,上海书店出版社
线性代数应该这样学,阿克斯勒,人民邮电出版社
线性代数重点内容重点题,杨泮池,西安交通大学出版社
新托福词汇真经,,中国广播电视出版社
新托福考试写作高分速成,陈向东,群言出版社
羊脂球,莫泊桑,上海译文出版社
遗传算法与工程优化,玄光男,清华大学出版社
遗传算法原理与应用实例,韩瑞锋,兵器工业出版社
易经助你走天下,顾文,华夏出版社
有限体积法基础,李人宪,国防工业出版社
有限元法新论,龙志飞,中国水利水电出版社
原子物理学,杨福家,高等敎育出版社
运筹学,刁在筠,高等敎育出版社
振动力学,倪振华,西安交通大学出版社
纸上江南,顾荣军,山东画报出版社
中国历代政治得失,钱穆,生活?读书?新知三联书店
1984,奥韦尔,北京十月文艺出版社
15篇文章贯通5-6级词汇,马德高,新华出版社
21天学通C++,,人民邮电出版社
A tale of two cities,狄更斯,大连理工大学出版社
ANSYS 13.0有限元分析从入门到精通,张红松,机械工业出版社
ANSYS 8.0应用基础与实例教程,张方瑞,电子工业出版社
ANSYS10.0/LS-DYNA非线性有限元分析实例指导教程,何涛,机械工业出版社
ANSYS-APDL高级工程应用实例分析与二次开发,周宁,中国水利水电出版社
ANSYS参数化编程与命令手册,龚曙光,机械工业出版社
ANSYS工程分析进阶实例,王呼佳,中国水利水电出版社
C++大学基础教程,戴特尔,电子工业出版社
C++面向对象程序设计题解与上机指导,谭浩强,清华大学出版社
Fluent,韩占忠,北京理工大学出版社
Gone with the wind,米切尔,外文出版社
LabVIEW虚拟仪器数据采集与串口通信测控应用实战,李江全,人民邮电出版社
MATLAB 7简明教程,李南南,清华大学出版社
Matlab r2008 控制系统动态仿真实例教程,谢仕宏,化学工业出版社
MATLAB概率与数理统计分析,张德丰,机械工业出版社
MATLAB高级编程,苏金明,电子工业出版社
MATLAB入门与实战,郭仕剑,人民邮电出版社
MATLAB实用教程,穆尔,电子工业出版社
MATLAB数学实验与建模,马莉,清华大学出版社
Python网络编程基础,高森,电子工业出版社
SPSS 15.0中文版常用功能与应用实例精讲,陈超,电子工业出版社
SPSS for Windows从入门到精通,卢纹岱,电子工业出版社
Vladimir Putin,斯特里格斯,中国对外翻译出版社
百慕大未解之谜,欧阳秀林,时事出版社
绑架游戏,东野圭吾,上海译文出版社
彼得·林奇的成功投资,林奇,机械工业出版社
不确定规划及应用,刘宝碇,清华大学出版社
菜根谭,洪应明,崇文书局
大学物理教学同步练习题及详解,王济民,西北工业大学出版社
大学物理学习指导,谢兴盛,电子工业出版社
大学英语四六级写作特训,新东方四六级命题研究组,群言出版社
代数学引论,科斯特里金,高等敎育出版社
当下的力量,托勒,中信出版社
等离子体技术与应用,许根慧,化学工业出版社
等离子体理论基础,胡希伟,北京大学出版社
笛卡尔思辨哲学,笛卡尔,九州出版社
电磁学,末田正,科学出版社
电脑入门实用宝典,华师傅资讯,中国铁道出版社
法语,马晓宏,外语敎学与硏究出版社
改变心理学的40项研究,霍克,中国轻工业出版社
概率论与数理统计疑难点讲析与习题精解,余长安,武汉大学出版社
高等数学辅导,陈文灯,世界图书出版公司北京公司
高等数学全程导学,刘后邘,湖南科学技术出版社
高等数学学习指导与习题解析,黄光谷,华中科技大学出版社
高功率脉冲技术,刘锡三,国防工业出版社
高级宏观经济学,罗默,上海财经大学出版社
高聚物结构、性能与测试,焦剑,化学工业出版社材料科学与工程出版中心
鸽群中的猫,克里斯蒂,人民文学出版社
公司理财,罗斯,机械工业出版社
固体物理基础,吴代鸣,高等敎育出版社
光学,,南京大学出版社
鬼谷子详解,鬼谷子,岳麓书社
红玫瑰与白玫瑰,张爱玲,北京十月文艺出版社
活着,余华,作家出版社
基于MATLAB 7.x的系统分析与设计,楼顺天,西安电子科技大学出版社
计量经济学软件,于俊年,对外经济贸易大学出版社
简爱,勃朗特,世界图书出版公司
建筑语汇,怀特,大连理工大学出版社
剑桥插图天文学史,霍斯金,山东画报出版社
结构方程模型导论,李健宁,安徽大学出版社
金融学,李成,西安交通大学出版社
决不找借口,瑞菲柏雷,金城出版社
口琴基本教程,李蓝,花城出版社
理论力学典型题解析与实战模拟,刘新建,国防科技大学出版社
理想国,柏拉图,北京大学出版社
历年大学英语六级考试真题精析,高含菊,中国对外翻译出版公司
路遙文集,路遙,人民文学出版社
洛丽塔,纳博科夫,上海译文出版社
模态分析理论与试验,埃朗,北京理工大学出版社
谋杀启事,克里斯蒂,人民文学出版社
"男人来自火星, 女人来自金星",江涛,机械工业出版社
南京大屠杀始末采访录,本多胜一,北岳文艺出版社
排队论,唐应辉,科学出版社
人工智能原理与方法,王永庆,西安交通大学出版社
人脉存折,何耀琴,中国纺织出版社
丧家狗,李零,山西人民出版社
少年维特之烦恼,歌德,中国国际广播出版社
十天突破雅思口语,慎小嶷,机械工业出版社
数据挖掘导论,陈封能,人民邮电出版社
数学分析习题集题解,吉米多维奇,山东科学技术出版社
数学规划,黄红选,清华大学出版社
数学实验,李继成,西安交通大学出版社
素朴集合论,刘壮虎,北京大学出版社
溯源探幽,冯端,科学出版社
钛与钛合金,莱茵斯,化学工业出版社
武则天正传,林语堂,现代敎育出版社
物理定律的本性,范曼,湖南科学技术出版社
狭义与广义相对论浅说,爱因斯坦,北京大学出版社
相约星期二,阿尔博姆,上海译文出版社
新型PID控制及其应用,陶永华,机械工业出版社
一个月学中医基础,孙理军,人民军医出版社
一九八四,奥韦尔,上海译文出版社
有限元分析与ANSYS APDL编程及高级应用,龚曙光,机械工业出版社
支持向量机,邓乃扬,科学出版社
周易六十四卦浅解,汪忠长,当代世界出版社
自动控制原理习题解析,胡寿松,科学出版社
自动控制原理学习指导与题解指南,张苏英,国防工业出版社
1Q84,村上春树,南海出版社
7S倍速学习法,高效能学习研究机构,中国民航出版社
C++面向对象程序设计,李春葆,清华大学出版社
C形包围,戴旭,文汇出版社
C语言详解,汉利,人民邮电出版社
Fortran 95程序设计,白云,清华大学出版社
LabVIEW宝典,陈树学,电子工业出版社
LabVIEW程序设计教程,江建军,电子工业出版社
LC滤波器设计与制作,森荣二,科学出版社
MATLAB 2007科学计算与工程分析,徐瑞,科学出版社
MATLAB 7.X程序设计,王建卫,中国水利水电出版社
MATLAB 7基础教程,帕姆,清华大学出版社
MATLAB高效编程技巧与应用,吴鹏,北京航空航天大学出版社
Pride and prejudice,奥斯丁,上海外语敎育出版社
PSpice电路原理与实现,李永平,国防工业出版社
Python核心编程,陈仲才,人民邮电出版社
Verilog HDL入门,巴斯克,北京航空航天大学出版社
博弈与信息,拉斯缪森,"北京大学出版社;""生活?读书?新知三联书店"""
布谷鸟的蛋是谁的,东野圭吾,新星出版社
常微分方程教程,丁同仁,高等教育出版社
超爆魔鬼经济学,莱维特,中信出版社
传染病动力学的数学建模与研究,马知恩,科学出版社
大学基础物理学习题精解,张志敏,北京理工大学出版社
大学物理,陈治,清华大学出版社
大学物理学习指导,袁玉珍,科学出版社
大学物理学习指导典型解题,王小力,西安交通大学出版社
德川家康,山冈庄八,南海出版社
电工学·电工技术(第五版)下册同步辅导及习题全题,夏应龙,新华出版社
电介质材料及其介电性能,科埃略,科学出版社
电力系统可靠性分析,郭永基,清华大学出版社
电子设计从零开始,杨欣,清华大学出版社
分子热力学,金家骏,科学出版社
复分析,尼达姆,人民邮电出版社
高等流体力学,刘应中,上海交通大学出版社
高等数理统计,茆诗松,高等敎育出版社
高等数学,马菊侠,国防工业出版社
国际经济学,克鲁格曼,中国人民大学出版社
国民财富的性质与原理,斯密,中国社会科学出版社
基于COMSOL Multiphysics的MEMS建模及应用,张玉宝,冶金工业出版社
计算方法,李桂成,电子工业出版社
居里夫人传,居里,北京燕山出版社
空间谱估计理论与算法,王永良,清华大学出版社
跨越缺口,保罗斯,上海科学技术出版社
两相流与传热研究,陈听宽,西安交通大学出版社
流体力学,张也影,高等教育出版社
流体力学数值方法,章本照,机械工业出版社
"梦的解析;""论梦""",弗洛伊德,国际文化出版公司
梦里花落知多少,三毛,北京十月文艺出版社
模糊控制及其MATLAB仿真,石辛民,"清华大学出版社;""北京交通大学出版社"""
模拟电子技术要点与解题,马积勋,西安交通大学出版社
纳米CMOS器件,甘学温,科学出版社
男人的资本全集,李岩,世界知识出版社
排队论基础,孙荣恒,科学出版社
普朗特流体力学基础,厄特尔,科学出版社
青春之歌,杨沫,人民文学出版社
全新法语语法,热纳潘,上海译文出版社
热力学与统计物理学,林宗涵,北京大学出版社
人工神经网络,杨行峻,高等敎育出版社
生命科学基础,陆瑤华,山东大学出版社
生物信息学方法与实践,张成岗,科学出版社
十一字杀人,东野圭吾,上海译文出版社
实验设计,刘文卿,清华大学出版社
实用数学建模与软件应用,肖华勇,西北工业大学出版社
试验模态分析,杨景义,北京理工大学
数据结构典型题解析及自测试题,赵仲孟,西北工业大学出版社
数学建模竞赛,杨启帆,浙江大学出版社
数学物理方程与特殊函数 (南工第三版) 导教导学导考,张慧清,西北工业大学出版社
数学物理方法,黄大奎,"高等教育出版;""施普林格出版社"""
数字信号处理,普埃克,电子工业出版社
钛合金及应用,张喜燕,化学工业出版社
堂吉诃德,塞万提斯,人民文学出版社
图论导引,沙特朗,人民邮电出版社
微分几何,彭家贵,高等教育出版社
微观经济学课程辅导与训练,李广伶,西安交通大学出版社
乌合之众,勒邦,广西师范大学出版社
西方哲学史,斯顿夫,世界图书出版公司
细胞培养,司徒镇强,世界图书出版公司北京公司
夏洛的网,怀特,上海译文出版社
现代机械动力学及其工程应用,廖伯瑜,机械工业出版社
现代信号处理及工程应用,何正嘉,西安交通大学出版社
线性代数,尤承业,机械工业出版社
小波滤波方法及应用,潘泉,清华大学出版社
笑傲江湖,金庸,广州出版社
新概念51单片机C语言教程,郭天祥,电子工业出版社
"雪国;""古都"";""千只鹤""",川端康成,译林出版社
应用随机过程,罗斯,人民邮电出版社
雨季不再来,三毛,北京十月文艺出版社
智能优化方法,汪定伟,高等敎育出版社
中国国家地理,陆大道,大象出版社
中国历代帝王陵墓之谜,谢洪波,哈尔滨出版社
最优化方法,解可新,天津大学出版社
101 摄影范例精析,威格纳尔,浙江摄影出版社
20世纪数学经纬,张奠宙,华东师范大学出版社
ANSYS 10.0热力学有限元分析实例指导教程,张国智,机械工业出版社
ANSYS 12.0 LS-DYNA非线性有限元分析从入门到精通,郝好山,机械工业出版社
ANSYS 13.0/FLOTRAN流场分析从入门到精通,胡仁喜,机械工业出版社
ANSYS Workbench设计、仿真与优化,李兵,清华大学出版社
C++语言程序设计教程,杨进才,清华大学出版社
EViews应用实验教程,任英华,湖南大学出版社
GRE考试官方指南,美国教育考试服务中心,群言出版社
Intel汇编语言程序设计,欧文,电子工业出版社
Little women,奥尔科特,世界图书出版西安公司
LS-DYNA3D理论基础与实例分析,白金泽,科学出版社
MATLAB R2006a基础篇,曹岩,化学工业出版社
MATLAB数字信号处理与应用,张德丰,清华大学出版社
MATLAB语言高级编程,张德丰,机械工业出版社
MATLAB在数学建模中的应用,卓金武,北京航空航天大学出版社
MATLAB在数字信号处理中的应用,薛年喜,清华大学出版社
MSP430单片机C语言应用程序设计实例精讲,秦龙,电子工业出版社
Pride and Prejudice,奥斯汀,外文出版社
Python学习手册,卢茨,机械工业出版社
半生缘,张爱玲,北京十月文艺出版社
边城,沈从文,长江文艺出版社
病毒,,接力出版社
博弈论与信息经济学,张维迎,"三联书店上海分店;""上海人民出版社"""
材料力学,单辉祖,高等教育出版社
操作系统概念,西尔伯莎茨,高等教育出版社
抽象代数基础,丘维声,高等敎育出版社
传热和传质基本原理,英克鲁佩勒,化学工业出版社
大学英语六级全真题精讲,郑家顺,东南大学出版社
点集拓扑讲义,熊金城,高等敎育出版社
电工电子学学习指导及题解,袁芳,华中科技大学出版社
电工学·电工技术(第五版)上册同步辅导及习题全题,夏应龙,新华出版社
电化学原理,李荻,北京航空航天大学出版社
东京爱情故事,龙震宇,南方日报社出版社
动物农场,奥威尔,上海译文出版社
二级C++语言程序设计教程,高婷,中国水利水电出版社
放大电路实用设计手册,段九州,辽宁科学技术出版社
非线性振动系统的分叉和混沌理论,陈予恕,高等敎育出版社
疯狂Java讲义,李刚,电子工业出版社
浮世绘的故事,宫竹正,陕西师范大学出版社
覆分析基础及工程应用,萨夫,机械工业出版社
概率、随机变量与随机过程,帕普里斯,西安交通大学出版社
概率论与数理统计复习与考试指导,区兆丞,首都经济贸易大学出版社
概率论与数理统计全程学习指导,王丽燕,大连理工大学出版社
概率论与数理统计学习指导与题解,黄光谷,华中科技大学出版社
高等传热学,贾力,高等教育出版社
高等代数,徐仲,西北工业大学出版社
高等数学典型例题与解法,朱健民,国防科技大学出版社
高等数学题典,黄光谷,湖南大学出版社
高等数学习题课教程,龚漫奇,科学出版社
格调,福塞尔,广西人民出版社
固体物理学,黄昆,北京大学出版社
哈利·波特与密室,罗林,人民文学出版社
函数论与泛函分析初步,科尔莫戈罗夫,高等敎育出版社
化工原理习题精解,何潮洪,科学出版社
机械设计基础,陈国定,机械工业出版社
基本乐理,任达敏,人民音乐出版社
家,巴金,人民文学出版社
金融市场学,沈悦,科学出版社
晶体物理学,俞文海,中国科学技术大学出版社
晶体学基础,秦善,北京大学出版社
精灵宝钻,托尔金,译林出版社
精通LabVIEW 8.X,王磊,电子工业出版社
九型人格,里索,南海出版公司
菊与刀,贝内迪克特,北京理工大学出版社
矩阵计算的理论与方法,徐树方,北京大学出版社
科学和工程计算基础,施妙根,清华大学出版社
科学究竟是什么,查尔默斯,河北科学技术出版社
空气动力学,吴子牛,清华大学出版社
蓝血人,倪匡,上海书店出版社
理论力学一题多解范例,江晓仑,清华大学出版社
例说8051,张义和,人民邮电出版社
量子力学基础教程,陈鄂生,山东大学出版社
流体运动经典分析,杨本洛,科学出版社
路遙文集,,人民文学出版社
马尔可夫决策过程引论,胡奇英,西安电子科技大学出版社
纳米科学与技术,刘吉平,科学出版社
偏微分方程现代数值方法,马逸尘,科学出版社
普通化学典型题分析解集,秦华宇,西北工业大学出版社
普通心理学,叶奕乾,华东师范大学出版社
谱方法的数值分析,向新民,科学出版社
潜能训练,蓝济华,武汉大学出版社
三十而立,王小波,上海锦绣文章出版社
神经网络计算,焦李成,西安电子科技大学出版社
声学基础,许肖梅,科学出版社
狮城舌战,王沪宁,复旦大学出版社
时间简史,霍金,湖南科学技术出版社
视频处理与通信,王,电子工业出版社
输赢,付遙,北京大学出版社
数据分析方法,梅长林,高等敎育出版社
数据结构与算法,德罗兹代克,机械工业出版社
数学物理方程,复旦大学,复旦大学出版社
数学物理方法学习指导,郭玉翠,清华大学出版社
数字信号处理教程,程佩靑,清华大学出版社
随机规划与模糊规划,刘宝碇,清华大学出版社
陶瓷-金属复合材料,李荣久,冶金工业出版社
完美交际,卡耐基,中国华侨出版社
汪曾祺小说,汪曾祺,广西人民出版社
微观经济学原理,巴德,中国人民大学出版社
温暖的旅程,余华,新世界出版社
西方哲学史,蒂利,商务印书馆
西游真相,邓曙光,鹭江出版社
系统辨识理论及应用,李言俊,国防工业出版社
现代建筑,弗兰普敦,生活?读书?新知三联书店
线性代数习题集,胡显佑,中国人民大学出版社
相干光学原理及应用,刘思敏,南开大学出版社
详解MATLAB数字图像处理,张德丰,电子工业出版社
小波分析与分数傅里叶变换及应用,冉启文,国防工业出版社
小团圆,张爱玲,北京十月文艺出版社
笑面人,雨果,北京燕山出版社
心理效应解读,汤笑,中国城市出版社
心相约,陈鲁豫,长江文艺出版社
应用时间序列分析,何书元,北京大学出版社
有限元法实用教程,利乌,湖南大学出版社
支持向量机理论及工程应用实例,白鹏,西安电子科技大学出版社
直流开关电源的软开关技术,阮新波,科学出版社
自动控制理论要点与解题,葛思擘,西安交通大学出版社
最优化计算方法,蒋金山,华南理工大学出版社
C++ STL开发技术导引,叶至军,人民邮电出版社
C++程序设计,梁勇,机械工业出版社
FPGA设计指南,马克斯菲尔德,人民邮电出版社
HFSS原理与工程应用,谢拥军,科学出版社
Java语言程序设计,梁,机械工业出版社
Maple教程,何靑,科学出版社
MATLAB R2007图像处理技术与应用,王爱玲,电子工业出版社
MATLAB电子仿真与应用教程,王华,国防工业出版社
MATLAB高等数学实验,章栋恩,电子工业出版社
MEMS和微系统,徐泰然,机械工业出版社
OFDM移动通信技术原理与应用,佟学俭,人民邮电出版社
Patran 2006与Nastran 2007有限元分析实例指导教程,李邦国,机械工业出版社
TOEFL核心词汇21天突破,李笑来,群言出版社
不可不知的50所美国一流大学,江乐兴,中国水利水电出版社
材料科学基础教程习题及解答,赵品,哈尔滨工业大学出版社
操作系统学习指导与习题解析,张丽芬,电子工业出版社
测度论讲义,严加安,科学出版社
查拉图斯特拉如是说,尼采,九州出版社
忏悔录,卢梭,重庆出版社
初入社会15条经验,南山,海潮出版社
传热与流动问题的多尺度数值模拟,陶文铨,科学出版社
大话设计模式,程杰,清华大学出版社
大学物理学习指导,宫瑞婷,中国建材工业出版社
单恋,东野圭吾,南海出版社
道德经白话解说今注,江希张,朝华出版社
电路基础,王淑敏,西北工业大学出版社
调情的艺术,布森克普夫,海南出版社
东京塔,弗兰克,中信出版社
动态电力系统的理论和分析,倪以信,清华大学出版社
泛函分析学习指南,林源渠,北京大学出版社
方与圆,丁远峙,海天出版社
非线性光学,钱士雄,复旦大学出版社
费曼讲物理,范曼,湖南科学技术出版社
分布式系统原理与范型,塔嫩鲍姆,清华大学出版社
概率论与数理统计习题精选精解,张天德,山东科学技术出版社
概率论与数理统计习题指导,张文忠,西南交通大学出版社
高等工程热力学,陈宏芳,清华大学出版社
工程分析中的有限元法,巴斯,机械工业出版社
管理研究方法论,李怀祖,西安交通大学出版社
广东行知书,陈彤,广东旅游出版社
蛤蟆的油,黑泽明,南海出版公司
红拂夜奔,王小波,北方文艺出版社
厚黑学的智慧,李宗吾,吉林大学出版社
机械设备故障诊断技术及应用,王江萍,西北工业大学出版社
吉他自学三月通,刘传,蓝天出版社
计算方法简明教程,王能超,科学出版社
家,巴金,人民文学出版社
简明法语教程,,商务印书馆
金粉世家,张恨水,人民文学出版社
经济学博弈论习题指南,谢识予,复旦大学出版社
矩阵论典型题解析及自测试题,张凯院,西北工业大学出版社
控制论与科学方法论,金观涛,新星出版社
蓝色列车之谜,克里斯蒂,人民文学出版社
廊桥遗梦,沃勒,人民文学出版社
理论力学解题方法和技巧,蔡泰信,科学出版社
锂离子电池原理与关键技术,黄可龙,化学工业出版社
连续介质力学基础,黄筑平,高等教育出版社
量子力学,邹鹏程,高等教育出版社
刘震云精选集,刘震云,北京燕山出版社
龙族,江南,长江出版社
鲁迅文集,鲁迅,当代世界出版社
毛泽东生平全记录,柯延,中央文献出版社
毛泽东诗词鉴赏,亦老,中国文史出版社
美学的散步,宗白华,安徽敎育出版社
男人来自火星女人来自金星,,吉林文史出版社
挪威的森林,村上春树,上海译文出版社
普通心理学,彭聘龄,北京师范大学出版社
契约经济学,科斯,经济科学出版社
"情人;""乌发碧眼""",杜拉斯,上海译文出版社
群论习题精解,马中骐,科学出版社
神经生物学,尼克尔斯,科学出版社
生物医学工程学,巴德年,黑龙江科学技术出版社
失乐园,弥尔顿,哈尔滨出版社
实变函数与泛函分析,胡适耕,高等教育出版社
逝去的武林,李仲轩,当代中国出版社
数据结构与算法分析,奈霍夫,清华大学出版社
数学分析精选习题全解,薛春华,清华大学出版社
数学分析全析精解,李承家,西北工业大学出版社
数学分析习题集,吉米多维奇,山东科学技术出版社
数学建模,刘锋,南京大学出版社
数学建模方法及其应用,韩中庚,高等教育出版社
数学建模优秀论文精选与点评,李学文,清华大学出版社
算法设计,克莱因伯格,清华大学出版社
太阳能利用技术,罗运俊,化学工业出版社
天下第一学问,李镇,吉林文史出版社
统计学习基础,黑斯蒂,电子工业出版社
瓦尔登湖,梭罗,长江文艺出版社
微分方程与边界值问题,齐尔,机械工业出版社
我的千岁寒,王朔,作家出版社
我在慈禧身边的两年,德龄,中国书籍出版社
物理学教程习题精解,熊水兵,西南交通大学出版社
西北风东南雨,易中天,上海文化出版社
现代控制理论,谢克明,清华大学出版社
线性代数,利昂,机械工业出版社
线性代数解题指导,葛照强,陕西科学技术出版社
心智修炼,杨谦,首都经济贸易大学出版社
信号与系统典型题精解,徐亚宁,电子工业出版社
雅思口语多米诺,陈湃,石油工业出版社
一代军师,随波逐流,人民文学出版社
一个人的村庄,刘亮程,春风文艺出版社
一九八四,奥威尔,上海三联书店
一九八四,奥韦尔,译林出版社
有限元分析,张洪才,机械工业出版社
有限元分析及应用,胡于进,清华大学出版社
月亮和六便士,毛姆,上海译文出版社
脂砚斋批评本红楼梦,曹雪芹,岳麓书社
中国不高兴,宋晓军,江苏人民出版社
中国国家地理,,大象出版社
中国建筑史,梁思成,百花文艺出版社
资治通鉴,司马光,中华书局
自动控制理论,张爱民,西安交通大学出版社
做自己的心理治疗师,布什,中国发展出版社
日本四书,曹立新,线装书局
ANSYS 12.0电磁学有限元分析从入门到精通,张倩,机械工业出版社
ANSYS 12.0结构分析工程应用实例解析,张朝晖,机械工业出版社
ANSYS ICEM CFD网格划分技术实例详解,纪兵兵,中国水利水电出版社
C + + 从入门到精通,,化学工业出版社
C++语言程序设计,李春葆,清华大学出版社
C语言程序设计,金,人民邮电出版社
C语言教程,凯利,机械工业出版社
GRE词汇思马得记忆法,思马得学校,重庆大学出版社
Linux C编程实战,童永清,人民邮电出版社
MATLAB R2008 科学计算实例教程,楚天科技,化学工业出版社
MATLAB/Simulink建模与仿真,张德丰,电子工业出版社
MATLAB数字图像处理,刘刚,机械工业出版社
MATLAB数字信号处理,王彬,机械工业出版社
Matlab小波分析与工程应用,张德丰,国防工业出版社
Matlab信号处理与应用,高成,国防工业出版社
Origin 8.0实用教程,肖信,中国电力出版社
Python开发技术祥解,周伟,机械工业出版社
Spss统计应用实务,吴明隆,中国铁道出版社
Ubuntu Linux指南,索贝尔,人民邮电出版社
Ubuntu标准教程,王大亮,人民邮电出版社
VHDL基础及经典实例开发,孟庆海,西安交通大学出版社
Visual C++.NET图像处理编程,陆宗骐,清华大学出版社
Visual C++程序开发范例宝典,明日科技,人民邮电出版社
傲慢与偏见,奥斯汀,上海三联书店
"白银时代;""2010"";""黑铁时代""",王小波,长江文艺出版社
悖论简史,索伦森,北京大学出版社
不做情绪的奴隶,吴娟瑜,北京大学出版社
材料科学基础,石德珂,机械工业出版社
操作系统,斯托林斯,电子工业出版社
成功大学,希尔,中国发展出版社
大学生数学竞赛试题研究生入学数学考试难题解析选编,李心灿,高等敎育出版社
大学物理辅导,吕金钟,清华大学出版社
大学物理学,张三慧,清华大学出版社
大学英语六级词汇语感记忆手册,王若平,航空工业出版社
大学英语写作句句通,魏云,上海交通大学出版社
帝国的惆怅,易中天,文汇出版社
电化学,小久见善八,科学出版社
电路,尼尔森,电子工业出版社
电路复习指导与习题精解,梁贵书,中国电力出版社
东宫·西宫,王小波,陕西师范大学出版社
动力系统的定性与分支理论,罗定军,科学出版社
泛函分析教程,于宗义,山东大学出版社
非线性光学,石顺祥,西安电子科技大学出版社
复变函数疑难分析与解题方法,孙清华,华中科技大学出版社
高等数学学习指导,李秀珍,机械工业出版社
格子Boltzmann方法的理论及应用,何雅玲,科学出版社
股票市场基础分析手册,杨健,中国宇航出版社
光学教程,姚启钧,高等教育出版社
国富论,斯密,武汉出版社
红外辐射特性与传输的数值计算,谈和平,哈尔滨工业大学出版社
宏观经济学,埃布尔,中国人民大学出版社
计算材料科学,陈舜麟,化学工业出版社
计算方法学考指要,孙玉香,西北工业大学出版社
金融学,李成,科学出版社
经济学基础,曼昆,北京大学出版社
精通MATLAB科学计算,王正林,电子工业出版社
菊与刀,本尼迪克特,译林出版社
绝缘子及输变电设备外绝缘,关志成,清华大学出版社
空谷幽兰,波特,当代中国出版社
空间解析几何与微分几何,黄宣国,复旦大学出版社
宽容,房龙,广西师范大学出版社
流体力学,王松岭,中国电力出版社
六级词汇词根+联想记忆法,俞敏洪,群言出版社
模糊系统与模糊控制教程,王立新,清华大学出版社
莫泊桑中短篇小说选,莫泊桑,长江文艺出版社
女性与社交,齐鲁青,上海文艺出版社
偏振光学,廖延彪,科学出版社
乒乓球·羽毛球·网球,西安交通大学体育部,西安交通大学出版社
燃料电池系统,拉米尼,科学出版社
入党培训教材,张荣臣,中共党史出版社
生死场,萧红,江苏文艺出版社
史记,司马迁,中华书局
书法基础与欣赏,钟明善,西安交通大学出版社
数据结构与算法,德罗兹代克,清华大学出版社
数字电子电路解题指南,唐竞新,清华大学出版社
数字信号处理导论,胡广书,清华大学出版社
思维导图,布赞,中信出版社
思无邪,安意如,天津敎育出版社
算法,塞奇威克,机械工业出版社
算法设计与实验题解,王晓东,电子工业出版社
台北人,白先勇,广西师范大学出版社
天下第一楼,何冀平,北京十月文艺出版社
威布尔模型族,蒋仁言,科学出版社
微积分学习辅导,陈效群,科学出版社
我的团长我的团,兰晓龙,新星出版社
午夜凶铃,铃木光司,南海出版公司
物理方法论,王瑞旦,中南大学出版社
系统解剖学考试常见错误与对策,侯金才,中国协和医科大学出版社
夏洛的网,怀特,上海译文出版社
嫌疑人X的献身,东野圭吾,南海出版公司
现代生物技术概论,何忠效,北京师范大学出版社
现代信号处理教程,胡广书,清华大学出版社
线性代数,陈治中,科学出版社
线性代数,李尚志,高等敎育出版社
小波分析与应用实例,程正兴,西安交通大学出版社
心理学史上的76个经典故事,王耀廷,汉语大词典出版社
新托福120分写作30天速成真经,出国留学考试学习中心,中国石化出版社
信息光学,苏显渝,科学出版社
一起沉默,韩寒,人民文学出版社
蚁群优化,多里戈,清华大学出版社
易学C++,潘嘉杰,人民邮电出版社
英语词汇速记大全,俞敏洪,群言出版社
影响了我的三十二篇美文,,百花文艺出版社
有限元技术基础,冷纪桐,化学工业出版社
张爱玲文萃,张爱玲,文化艺术出版社
庄子正宗,马恒君,华夏出版社
阻尼技术的工程应用,戴德沛,清华大学
ANSYS 11.0/FLOTRAN流场分析实例指导教程,许洋,机械工业出版社
ANSYS流固耦合分析与工程实例,宋学官,中国水利水电出版社
C++沉思录,凯尼格,人民邮电出版社
C++从入门到实践,秦广军,清华大学出版社
C语言程序设计,谭浩强,清华大学出版社
C语言入门经典,霍顿,机械工业出版社
DSP原理及其C编程开发技术,沙桑,电子工业出版社
Inventor 2009三维机械设计应用基础,许睦旬,高等教育出版社
LabVIEW 8.5常用功能与编程实例精讲,徐晓东,电子工业出版社
MATLAB仿真在信号处理中的应用,徐明远,西安电子科技大学出版社
MATLAB工具箱应用,苏金明,电子工业出版社
MATLAB应用实例精讲,陈超,电子工业出版社
MATLAB智能算法30个案例分析,史峰,北京航空航天大学出版社
Photoshop CS2从入门到精通,金恩爱,中国靑年出版社
VHDL电路设计,雷伏容,清华大学出版社
Visual C++ .NET程序设计教程,王恩德,清华大学出版社
Visual C++基础教程,郭文平,西安电子科技大学出版社
Visual C++数据库开发典型模块与实例精讲,颜志军,电子工业出版社
爱你就像爱生命,王小波,重庆出版社
傲慢与偏见,奥斯丁,译林出版社
白鹿原,陈忠实,文化艺术出版社
白夜行,东野圭吾,南海出版公司
绑架游戏,东野圭吾,上海译文出版社
冰纹,渡边淳一,四川文艺出版社
常微分方程精品课堂,丁崇文,厦门大学出版社
弹塑性力学,陈明祥,科学出版社
等离子体放电原理与材料处理,利伯曼,科学出版社
帝国的终结,易中天,复旦大学出版社
电磁场与电磁波解题指南,余恒清,国防工业出版社
电工学 (第六版 下册) 电工技术习题全解,姜三勇,高等敎育出版社
电力电子技术,王兆安,机械工业出版社
迭代学习控制,孙明轩,国防工业出版社
断口学,钟群鹏,高等敎育出版社
飞狐外传,金庸,"广州出版社;""花城出版社"""
概率论与数理统计,盛骤,高等敎育出版社
概率统计,德格鲁特,人民邮电出版社
高等数学知识要点与习题解析,沈艳,哈尔滨工程大学出版社
管理学,芮明杰,上海人民出版社
宏观经济学,布兰查德,经济科学出版社
回归分析方法原理及SPSS实际操作,冯力,中国金融出版社
机械原理考研指导,张志强,清华大学出版社
集成电路导论,杨之廉,清华大学出版社
计算机算法设计与分析,王晓东,电子工业出版社
计算流体力学入门,安德森,清华大学出版社
简·爱,勃朗特,清华大学出版社
菊与刀,本尼狄克特,文汇出版社
空谷幽魂,克里斯蒂,人民文学出版社
狼道,龙子民,地震出版社
离散数学,屈婉玲,清华大学出版社
离散数学习题与解析,胡新启,清华大学出版社
离心式/螺杆式制冷机组及应用,董天禄,机械工业出版社
两相流与传热,陈学俊,原子能出版社
量子力学,朗道,高等敎育出版社
量子力学导论,熊钰庆,广东高等敎育出版社
毛泽东大战略,姚有志,解放军出版社
毛泽东读书记,王炯华,长江文艺出版社
模糊聚类分析及其应用,高新波,西安电子科技大学出版
摩擦学原理,温诗铸,清华大学出版社
暮色,梅尔,接力出版社
鸟人计划,东野圭吾,南海出版公司
人力资源管理,德斯勒,"清华大学出版社;""Prentice-Hall International,Inc."""
人生智慧录,叔本华,山东画报出版社
儒林外史,吴敬梓,三秦出版社
软件能力成熟度模型 CMM 方法及其应用,杨一平,人民邮电出版社
三张牌,金,人民文学出版社
神雕侠侣,金庸,广州出版社
生活的艺术,林语堂,陕西师范大学出版社
声学理论与工程应用,何琳,科学出版社
拾灵者,李西闽,新星出版社
数据结构基础,霍罗威茨,清华大学出版社
数据挖掘,韩家炜,机械工业出版社
数学物理方法学习指导与习题辅导,刘继军,科学出版社
数字图像处理与机器视觉,张铮,人民邮电出版社
数字信号处理 (MATLAB版),英格尔,西安交通大学出版社
双城记,狄更斯,上海译文出版社
随机过程,孙清华,华中科技大学出版社
孙子兵学艺术,万怀玉,白山出版社
谈判天下,科恩,海天出版社
陶瓷材料学,周玉,科学出版社
微传感器与微执行器全书,科瓦克斯,科学出版社
微分拓扑新讲,张筑生,北京大学出版社
微机控制系统及其应用,薛钧义,西安交通大学出版社
文化苦旅,余秋雨,东方出版中心
涡旋压缩机,李连生,机械工业出版社
无网格法,张雄,清华大学出版社
舞! 舞! 舞!,村上春树,上海译文出版社
西方节日活动指南,汪珍珠,上海科学技术出版社
希腊罗马神话与传说中的恋爱故事,郑振铎,上海书店出版社
现代操作系统,坦嫩鲍姆,机械工业出版社
线性与非线性有限元及其应用,郭乙木,机械工业出版社
新托福120分口语30天速成真经,出国留学考试学习中心,中国石化出版社
新译新注反经,赵蕤,中国言实出版社
行政职业能力测验,公务员录用考试教材编写组,中央编译出版社
学哲学 用哲学,李瑞环,中国人民大学出版社
寻找薛定谔的猫,格里宾,海南出版社
野性的呼喚,杰克·伦敦,上海译文出版社
音乐基础理论教程,周复三,山东大学出版社
有限元分析,莫维尼,电子工业出版社
约翰·克利斯朶夫,罗兰,天津社会科学院出版社
运筹学辅导及习题精解,周华任,陕西师范大学出版社
中国国家地理,纪江红,北京出版社
朱镕基答记者问,,人民出版社
追寻生命的意义,弗兰克尔,新华出版社
自动控制原理的MATLAB实现,黄忠霖,国防工业出版社
组织行为学,赫尔雷格尔,华东师范大学出版社
51单片机C语言程序设计快速入门,田立,人民邮电出版社
ANSYS 12.0多物理耦合场有限元分析从入门到精通,党沙沙,机械工业出版社
ANSYS CFX对流传热数值模拟基础应用教程,孙纪宁,国防工业出版社
C++ Cookbook中文版,斯蒂芬斯,清华大学出版社
CMOS数字集成电路,康,电子工业出版社
C语言名题精选百则,冼镜光,机械工业出版社
EndNote & Word文献管理与论文写作,童国伦,化学工业出版社
FPGA应用开发入门与典型实例,华清远见嵌入式培训中心,人民邮电出版社
Java JDK 5.0学习笔记,良葛格,清华大学出版社
MATLAB 7.x系统建模与仿真,张亮,人民邮电出版社
MATLAB电机仿真精华50例,潘晓晟,电子工业出版社
MATLAB函数查询手册,占君,机械工业出版社
MATLAB数字图像处理,张德丰,机械工业出版社
MSC.Nastran应用实例教程,孙长任,科学出版社
OP放大电路设计,冈村迪夫,科学出版社
Protel电路设计实例与分析,张海兵,人民邮电出版社
Verilog FPGA芯片设计,林灶生,北京航空航天大学出版社
Visual C++ OpenGL应用程序开发,郭兆荣,人民邮电出版社
Visual C++编程与项目开发,李英,华东理工大学出版社
爱的艺术,弗罗姆,上海译文出版社
傲慢与偏见,奥斯汀,译林出版社
霸·汉,龙人,文化艺术出版社
白话史记,司马迁,新世界出版社
白衣女人,柯林斯,中国书籍出版社
拜伦 雪莱 济慈抒情诗精选集,拜伦,当代世界出版社
帮你学模拟电子技术基础,华成英,高等敎育出版社
材料的损伤断裂机理和宏微观力学理论,黄克智,清华大学出版社
藏书室女尸之谜,克里斯蒂,人民文学出版社
查拉图斯特拉如是说,尼采,湖南文艺出版社
朝花夕拾,鲁迅,江苏文艺出版社
大学物理,吴百诗,西安交通大学出版社
大学物理解题指导,廖少俊,陕西科学技术出版社
大学物理通用教程习题解答,钟锡华,北京大学出版社
大学英语六级考试全真试题金解,李庆明,世界图书出版西安公司
弹性力学简明教程,徐芝纶,高等教育出版社
当代自然辩证法教程,曾国屏,清华大学出版社
底牌,克里斯蒂,人民文学出版社
电磁场理论基础,牛中奇,电子工业出版社
电工技术(电工学I)学习指导典型题解,刘晔,西安交通大学出版社
电机学要点与解题,阎治安,西安交通大学出版社
电路考研指导与真题解析,陈燕,西安交通大学出版社
杜兰讲述哲学的故事,杜兰特,东方出版社
多孔固体结构与性能,吉布森,清华大学出版社
范里安《微观经济学: 现代观点》 (第6版) 笔记和课后习题详解,金圣才,中国石化出版社
非电量电测技术,吴道悌,西安交通大学出版社
风声,麦家,南海出版社
概率论与数理统计,葛余博,清华大学出版社
股票投资一点通,林俊国,清华大学出版社
固体物理基础,曹全喜,西安电子科技大学出版社
光学,赵建林,高等敎育出版社
国富论,斯密,陕西人民出版社
红高粱家族,莫言,上海文艺出版社
红楼梦,曹雪芹,北京图书馆出版社
基于ANSYS/LS-DYNA 8.1进行显式动力分析,时党勇,清华大学出版社
计算方法,崔国华,电子工业出版社
计算流体力学方法及应用,阎超,北京航空航天大学出版社
今世的五百次回眸,毕淑敏,花山文艺出版社
京华烟云,林语堂,长江文艺出版社
经典力学的数学方法,阿诺尔德,高等敎育出版社
孔雀森林,蔡智恒,万卷出版公司
控制理论基础,王显正,科学出版社
控制系统MATLAB计算及仿真,黄忠霖,国防工业出版社
口译教程,雷天放,上海外语敎育出版社
浪潮之巅,吴军,电子工业出版社
理想国,柏拉图,生活?读书?新知三联书店上海分店
励志演讲阅读经典,刘荣,国防工业出版社
量子力学与原子世界,喀兴林,山西科学技术出版社
流血的仕途,曹昇,上海锦绣文章出版社
论法的精神,孟德斯鸠,当代世界出版社
逻辑,金岳霖,中国人民大学出版社
马可·波罗游记,波罗,中国文史出版社
梦的解析,弗洛伊德,陕西师范大学出版社
魔戒,托尔金,译林出版社
女心理师,毕淑敏,重庆出版社
偏微分方程,莱文,高等敎育出版社
热物理学基础,包科达,高等教育出版社
人生若只如初见,安意如,天津敎育出版社
上学记,何兆武,生活?读书?新知三联书店
世界经典寓言的生活启示,托尔斯泰,现代出版社
世界人文简史,卡宁汉姆,中国靑年出版社
数值泛函与小波理论,冯象初,西安电子科技大学出版社
数值分析与实验学习辅导,蔡大用,清华大学出版社
送你一颗子弹,刘瑜,上海三联书店
天龙八部,金庸,广州出版社
天线,克劳斯,电子工业出版社
痛并快乐着,白岩松,华艺出版社
完美应用Ubuntu,UbuntuChina,电子工业出版社
王小波全集,王小波,北京理工大学出版社
微波工程,波扎尔,电子工业出版社
微积分和数学分析引论,库兰特,科学出版社
微积分习题集,严守权,机械工业出版社
我的前半生,爱新觉罗·溥仪,同心出版社
我妹妹与我,尼采,文化艺术出版社
乌合之众,勒邦,中央编译出版社
无损检测技术,刘贵民,国防工业出版社
务虛笔记,史铁生,春风文艺出版社
希腊神话故事,施瓦布,哈尔滨出版社
洗澡,,人民文学出版社
现代光学原理,王仕,电子科技大学出版社
现代几何学 : 方法与应用,杜布罗温,高等敎育出版社
小波分析理论、算法及其应用,戈斯瓦米,国防工业出版社
斜屋犯罪,岛田庄司,新星出版社
新版中日交流标准日本语词汇详解,樊慧颖,大连出版社
新股民入市必备全书,高升,中国商业出版社
遙远的救世主,豆豆,作家出版社
一九八四,奥威尔,上海译文出版社
应用泛函分析,胡适耕,科学出版社
英国,中央电视台,中国民主法制出版社
永磁无刷直流电机控制技术与应用,刘刚,机械工业出版社
有效沟通,布朗斯坦,机械工业出版社
中国古代神话,袁珂,华夏出版社
中国历史中的博奕游戏,杨磊,中国长安出版社
最优估计的计算方法,史忠科,科学出版社
21天学通C++,陈龙,电子工业出版社
5天从入门到实战,鲁英灿,清华大学出版社
GRE句子填空15天速战速决,柏之菁,群言出版社
LabVIEW入门与实战开发100例,岂兴明,电子工业出版社
Les miserables,雨果,广州出版社
Mathematica 5在大学数学课程中的应用,丁大正,电子工业出版社
MATLAB程序设计与典型应用,张德丰,电子工业出版社
MFC Windows应用程序设计,任哲,清华大学出版社
PCB电磁兼容技术,顾海洲,清华大学出版社
PPT演义,陈魁,电子工业出版社
Prince and the pauper,马克·吐温,大连理工大学出版社
Pro/ENGINEER 2001教程,詹友刚,清华大学出版社
Ubuntu Linux从入门到精通,郝铃,"科学出版社;""北京科海电子出版社"""
Visual C++ 2008程序设计完全自学教程,李淑馨,清华大学出版社
Visual C++从入门到精通,颜盟盟,化学工业出版社
Visual C++权威剖析,辛长安,清华大学出版社
Visual FORTRAN 编程指南,邓巍巍,人民邮电出版社
安娜·卡列尼娜,托尔斯泰,上海文艺出版社
悲惨世界,雨果,上海译文出版社
悲惨世界,雨果,人民文学出版社
博弈入门,奥斯本,上海财经大学出版社
材料力学学习指导书,邱棣华,高等敎育出版社
曾国藩家训,成晓军,重庆出版社
茶花女,小仲马,译林出版社
传热学考试要点与真题精解,胡小平,国防科技大学出版社
传热学习题解答,王厚华,重庆大学出版社
大学物理学习指导,罗仁俊,华南理工大学出版社
大学英语六级写作通关,王艳,科学技术文献出版社
弹性力学简明教程学习指导,王润富,高等教育出版社
刀锋,毛姆,上海译文出版社
电磁学,贾瑞皋,高等教育出版社
电工学简明教程习题与解析,赵锐,科学出版社
电极过程动力学导论,查全性,科学出版社
电力电子技术,徐德鸿,科学出版社
电力系统故障分析,刘万顺,中国电力出版社
电路与模拟电子技术学习辅导与习题解答,殷瑞祥,高等敎育出版社
法理学,张文显,高等敎育出版社
复变函数全程学习指导与习题精解,寇冰煜,东南大学出版社
复合材料力学,沈观林,清华大学出版社
傅里叶光学导论,古德曼,电子工业出版社
富爸爸财务自由之路,清崎,南海出版社
高等数学辅导,彭辉,新华出版社
高等数学学习指导与提高,徐兵,北京航空航天大学出版社
跟毛泽东学思维,曹俊杰,西苑出版社
工程热力学,刘桂玉,高等教育出版社
公共管理研究方法导论,吴建南,科学出版社
股市炼金,罗烨,西南财经大学出版社
固体中的超声波,罗斯,科学出版社
管理学,罗宾斯,中国人民大学出版社
管理研究方法论,李怀祖,西安交通大学出版社
光学学习指导,王磊,清华大学出版社
滾动轴承振动监测与诊断,梅宏斌,机械工业出版社
基本粒子,乌洛贝克,海天出版社
基于MATLAB的控制系统计算机仿真,瞿亮,"清华大学出版社;""北京交通大学出版社"""
激光原理,周炳琨,国防工业出版社
计量经济分析软件,潘省初,中国人民大学出版社
计算机组成原理,唐朔飞,高等敎育出版社
结构振动力学,张相庭,同济大学出版社
精通MATLAB图像处理,张强,电子工业出版社
君主论,马基雅弗利,上海三联书店
卡耐基智慧全书,何雅琳,地震出版社
开关电源设计,普雷斯曼,电子工业出版社
科学改变人类生活的 100 个瞬间,路甬祥,浙江少年儿童出版社
离散数学习题解析,屈婉玲,北京大学出版社
黎明之街,东野圭吾,南海出版公司
李敖有话说,李敖,中国友谊出版公司
理想国,柏拉图,北京理工大学出版社
力学,程稼夫,"科学出版社;""中国科学技术大学出版社"""
量子,高山,清华大学出版社
罗素论幸福人生,罗素,世界知识出版社
毛泽东传,特里尔,中国人民大学出版社
明朝十六帝,王军云,中国华侨出版社
纳兰词笺注,纳兰性德,北京出版社
纳米电子材料与器件,朱长纯,国防工业出版社
南怀瑾讲述庄子中的智慧,南怀瑾,古吴轩出版社
欧·亨利短篇小说集,亨利,三联书店
人生的智慧,叔本华,上海人民出版社
日本精彩推理小说选,李重民,九州出版社
扫描电镜技术及其应用,郭素枝,厦门大学出版社
社会性动物,阿伦森,华东师范大学出版社
射流力学,董志勇,科学出版社
神经网络系统理论,焦李成,西安电子科技大学出版社
生死疲劳,莫言,作家出版社
生死桥,李碧华,新世界出版社
生物医学信号数字处理技术及应用,聂能,科学出版社
十天突破新托福Essays,慎小嶷,机械工业出版社
史记,司马迁,中华书局
矢算场论札记,梁昌洪,科学出版社
试验设计与分析,陈魁,清华大学出版社
数理方程,车向凯,高等敎育出版社
数学大师启示录,陈诗谷,开明出版社
数学分析考研教案,胡晓敏,西北工业大学出版社
数学建模基础,薛毅,科学出版社
数学建模及其实验,严喜祖,科学出版社
数学建模简明教程,党林立,西安电子科技大学出版社
数学物理方法简明教程,郭玉翠,北京邮电大学出版社
数值方法,关治,清华大学出版社
算法分析与设计,古德里奇,人民邮电出版社
算法设计与分析,王晓东,清华大学出版社
算法设计与分析导论,李家同,机械工业出版社
随机过程初级教程,卡林,人民邮电出版社
孙子兵法活学活用,刘烨,中国电影出版社
他人就是地狱,萨特,天津人民出版社
拓扑空间中的反例,汪林,科学出版社
太阳能光伏发电技术,沈辉,化学工业出版社
唐诗的美学阐释,李浩,安徽大学出版社
天才向左 疯子向右,贾米森,中国人民大学出版社
蛙,莫言,作家出版社
微分几何入门与广义相对论,梁灿彬,科学出版社
我是猫,夏目漱石,译林出版社
西方经济学解析,陈恳,高等教育出版社
线性代数释疑解惑,谢昌云,陕西科学技术出版社
线性代数习题与精解,上海交通大学,上海交通大学出版社
小波分析的理论、算法、进展和应用,程正兴,国防工业出版社
小逻辑,黑格尔,中国社会科学出版社
心理学导论,莫里斯,北京大学出版社
心灵世界,王安忆,复旦大学出版社
信号与系统分析学习指导,赵录怀,西安交通大学出版社
信号与系统课程辅导,吴楚,清华大学出版社
袖珍汉英词典,李云川,西安交通大学出版社
异类,格拉德威尔,中信出版社
应力波基础,王礼立,国防工业出版社
应用随机过程,林元烈,淸华大学出版社
应用统计分析教学实践案例集,胡平,清华大学出版社
有限元基础理论与Ansys 11.0应用,张洪信,机械工业出版社
运筹学导论,希利尔,清华大学出版社
哲学的故事,杜兰特,中国档案出版社
周易讲座,金景芳,广西师范大学出版社
专家系统原理与编程,杰拉塔诺,机械工业出版社
转子动力学理论基础,张文,科学出版社
罪与罚,陀思妥耶夫斯基,北京联合出版公司
《道德经》译释,老子,湖南人民出版社
31个经典悬念,狄更斯,中国书籍出版社
ABAQUS有限元分析常见问题解答,曹金凤,机械工业出版社
ANSYS CFX流体分析及仿真,谢龙汉,电子工业出版社
ANSYS高级工程有限元分析范例精选,祝效华,电子工业出版社
C#入门经典,沃森,清华大学出版社
C++语言程序设计,郑莉,清华大学出版社
CPLD/FPGA常用模块与综合系统设计实例精讲,罗苑棠,电子工业出版社
C语言习题与解析,李春葆,清华大学出版社
DSP应用开发实用子程序,汪安民,人民邮电出版社
GRE写作高分速成,陈向东,群言出版社
Jane eyre,勃朗特,外文出版社
MATLAB软件与基础数学实验,朱旭,西安交通大学出版社
The Gadfly,伏尼契,世界图书出版公司
VHDL设计实例与仿真,姜雪松,机械工业出版社
VRay for SketchUp 从入门到高级实例详解,聚光数码科技,电子工业出版社
Word排版之道,宋翔,电子工业出版社
碧奴,苏童,重庆出版社
边缘奇迹,于,科学出版社
材料科学基础全真试题及解析,陶杰,化学工业出版社
茶花女,小仲马,译林出版社
沉默的大多数,王小波,浙江文艺出版社
沉思录,马可·奥勒利乌斯,山东美术出版社
催化化学导论,韩维屏,科学出版社
代数,阿尔廷,机械工业出版社
党的基本知识读本,张立武,苏州大学出版社
第二性,波伏瓦,上海译文出版社
电磁场与电磁波习题解答,马汉炎,哈尔滨工业大学出版社
电力系统分析,何仰赞,华中科技大学出版社
独立分量分析的原理与应用,杨福生,清华大学出版社
断裂力学,程靳,科学出版社
多元微积分,麦卡勒姆,高等教育出版社
沸腾传热和气液两相流,徐济??,原子能出版社
弗洛伊德禁地,陈渐,广西人民出版社
高等数学 (同济·第四版),符丽珍,西北工业大学出版社
高等数学方法与提高,吴晓平,科学出版社
高等数学辅导,李正元,国家行政学院出版社
高等应用数学问题的MATLAB求解,薛定宇,清华大学出版社
工程数值分析题解,王立秋,山东大学出版社
管壳式换热器设计原理,钱颂文,华南理工大学出版社
黑洞和宇宙,诺维科夫,江苏人民出版社
呼啸山庄,勃朗特,世界图书出版公司
呼啸山庄,勃朗特,中国书籍出版社
护眼常识260问,丘子宏,天津科技翻译出版公司
化学反应动力学,许越,化学工业出版社
幻夜,东野圭吾,南海出版社
活俑,倪匡,上海书店出版社
货币银行学,易纲,上海人民出版社
机器人学导论,克雷格,机械工业出版社
机械设计学习指导典型题解,张鄂,西安交通大学出版社
基本乐理简明教程,童忠良,上海音乐学院出版社
吉米多维奇数学分析习题集精选精解,滕加俊,东南大学出版社
吉他自学入门与提高,刘传,蓝天出版社
建筑文化·艺术及其传播,王小慧,百花文艺出版社
金融时间序列分析,蔡瑞胸,机械工业出版社
金融学,黄达,中国人民大学出版社
金字塔原理,明托,南海出版公司
近世代数引论,冯克勤,中国科学技术大学出版社
精彩TOEFL写作200篇点评,王巧平,天津大学出版社
警世通言,冯梦龙,人民文学出版社
菊与刀,本尼迪克特,贵州人民出版社
菊与刀,贝内迪克特,黄山书社
菊与刀,本尼迪克特,译林出版社
康德著作全集,康德,中国人民大学出版社
理论力学,刘延柱,高等教育出版社
理论力学知识要点与习题解析,郑全逸,哈尔滨工程大学出版社
亮剑,都梁,北京联合出版公司
临床医学英语,董丽明,高等教育出版社
鲁滨逊漂流记,笛福,世界图书出版公司
毛泽东诗词选,毛泽东,人民文学出版社
魅力资本,欧阳家悦,北京工业大学出版社
密语者,严歌苓,台海出版社
模拟电子技术基础知识要点与习题解析,于蕾,哈尔滨工程大学出版社
纳米材料表征,王中林,化学工业出版社
内燃机燃烧与排放学,蒋德明,西安交通大学出版社
牛津西方哲学史,肯尼,中国人民大学出版社
偏微分方程数值解,莫顿,人民邮电出版社
平狄克《微观经济学》(第7版) 笔记和课后习题详解,圣才学习网,中国石化出版社
钱钟书散文,钱钟书,浙江文艺出版社
请把门锁好,既晴,作家出版社
囚徒的困境,庞德斯通,北京理工大学出版社
全新大学英语词汇星火式巧记·速记·精练,马德高,新华出版社
让爱美的天性常在,培根,陕西师范大学出版社
人力资源管理,秦志华,中国人民大学出版社
人性的，太人性的,尼采,中国人民大学出版社
三国志,陈寿,中华书局
莎士比亚经典喜剧,莎士比亚,京华出版社
少年维特的烦恼,歌德,译林出版社
神经网络与机器学习,海金,机械工业出版社
生物化学学习指导,王希成,清华大学出版社
生物医学材料,李玉宝,化学工业出版社
十一字杀人,东野圭吾,上海译文出版社
实用计算流体力学基础,吴德铭,哈尔滨工程大学出版社
数据结构习题与解析,李春葆,清华大学出版社
数据挖掘基础教程,索曼,机械工业出版社
数学分析习题集题解,,山东科学技术出版社
数学分析学习方法与解题指导,王晓敏,东北大学出版社
数学模型,陈义华,重庆大学出版社
数学文化,张楚廷,高等敎育出版社
数学物理方程学习指导与习题解答,王明新,清华大学出版社
数值分析,李乃成,科学出版社
随机过程,张卓奎,西安电子科技大学出版社
谈话的艺术,克莱泽,百花文艺出版社
通信系统仿真原理与无线应用,特兰特尔,机械工业出版社
图解纳米技术的应用,川合知二,文汇出版社
图解心理学,深堀元文,天津敎育出版社
王阳明,王允亮,中国发展出版社
微流控分析芯片,方肇伦,科学出版社
问卷统计分析实务,吴明隆,重庆大学出版社
物理学教程,马文蔚,高等教育出版社
希拉里画传,司徒佩琪,东方出版社
线性代数全程学习指导,李海燕,大连理工大学出版社
小样本多元数据分析方法及应用,张恒喜,西北工业大学出版社
肖申克的救赎,金,人民文学出版社
新版中日交流标准日本语自学指南,宋国治,大连出版社
信号检测与估计理论,赵树杰,清华大学出版社
袖珍英汉词典,李云川,西安交通大学出版社
永磁电机,王秀和,中国电力出版社
有限元方法,靑克维奇,清华大学出版社
怎样让新托福写作的语言更美国,慎小嶷,机械工业出版社
周易,朱亚燕,百花文艺出版社
组合数学,布鲁阿尔迪,机械工业出版社
1984,奥韦尔,长江文艺出版社
ANSYS/LS-DYNA动力分析方法与工程实例,尚晓江,中国水利水电出版社
C++程序设计,谭浩强,清华大学出版社
C++程序设计案例精编,孔令德,中国铁道出版社
Linux程序设计,马修,人民邮电出版社
MATLAB 2010从入门到精通,张琨,电子工业出版社
MATLAB神经网络编程,张德丰,化学工业出版社
MATLAB数理统计分析,周品,国防工业出版社
MSC.ADAMS FSP基础培训教程,美国MSC.Software,清华大学出版社
PowerPoint 4 for Windows从入门到精通,Murray,电子工业出版社
Simulink通信仿真教程,李贺冰,国防工业出版社
Visual C++数据库开发经典实例精解,夏邦贵,机械工业出版社
保险学,刘愈,科学出版社
贝叶斯网引论,张连文,科学出版社
变压器实用技术大全,希思科特,机械工业出版社
材料的力学性能,郑修麟,西北工业大学出版社
材料科学基础,石德坷,机械工业出版社
材料磨损原理及其耐磨性,刘家浚,清华大学出版社
曹文轩经典作品,曹文轩,当代世界出版社
常微分方程,西南师范大学,西南师范大学出版社
尘埃落定,阿来,作家出版社
沉思录,奥勒留,中央编译出版社
沉思录,奥里利厄斯,中国致公出版社
传播学引论,张迈曾,西安交通大学出版社
大学物理教程,吴锡珑,高等教育出版社
大学物理学 (第三版) 学习辅导与习题解答,张三慧,淸华大学出版社
大学物理学习指导书,姜丽娜,清华大学出版社
大学英语六级考试精品范文100篇,佩特森,外文出版社
党的基础知识,周尚文,上海人民出版社
稻草人手记,三毛,北京十月文艺出版社
邓小平的一个世纪,林庭芳,湖北人民出版社
电磁场理论基础,胡冰,北京理工大学出版社
电磁场数值计算,倪光正,高等敎育出版社
电路 (第五版) 同步辅导及习题全解,郭维林,中国水利水电出版社
电气工程基础,熊信银,华中科技大学出版社
东方快车谋杀案,克里斯蒂,新星出版社
动物农场,奥威尔,北京十月文艺出版社
法语基础语法解析,周力,东华大学出版社
复变函数,郑建华,清华大学出版社
复变函数·积分变换辅导讲案,李建林,西北工业大学出版社
复变函数与积分变换,于慎根,南开大学出版社
概率统计双博士课堂,章昕,机械工业出版社
高等数学基础,魏战线,高等教育出版社
高等数学习题全解,刘国志,东北大学出版社
高等数学习题全解全析,姜乃斌,大连理工大学出版社
高分子化学,复旦大学高分子科学系,复旦大学出版社
高速碰撞动力学,马晓靑,国防工业出版社
工程电磁场数值分析,盛剑霓,西安交通大学出版社
供应链设计与管理,辛奇-利维,上海远东出版社
固体物理学,陆栋,上海科学技术出版社
光学,赵凯华,北京大学出版社
光学原理,玻恩,电子工业出版社
郭德纲话说北京,郭德纲,中国城市出版社
国富论,斯密,清华大学出版社
国家公务员录用考试专用教材,车桂林,中共党史出版社
海子的诗,海子,人民文学出版社
汉文帝,王占君,华夏出版社
皇权血酬游戏,李强,哈尔滨出版社
黄金时代,王小波,上海文化出版社
会让你在Ielts写作与口语考试中更像一个Native speaker的纯正英式短语&英式句型1000条,加西亚,机械工业出版社
机械控制理论基础,董霞,西安交通大学出版社
机械设备非平稳信号的故障诊断原理及应用,何正嘉,高等敎育出版社
机械与结构振动,金斯伯格,中国宇航出版社
计算方法基本内容与解题方法,凌永祥,西安交通大学出版社
计算机组织与结构,Stallings,清华大学出版社
建筑,程大锦,天津大学出版社
剑桥插图中世纪史,福西耶,山东画报出版社
交直流电力系统动态行为分析,徐政,机械工业出版社
叫母亲太沉重,张爱玲,中国广播电视出版社
结构方程模型,吴明隆,重庆大学出版社
解决问题的策略,恩格尔,上海敎育出版社
解析死亡,刘自觉,中国国际广播出版社
就业、利息和货币通论,凯恩斯,华夏出版社
看精彩越狱，学地道美语,章博,机械工业出版社
科学计算引论,中村小一郎,电子工业出版社
狼烟北平,都梁,长江文艺出版社
了不起的盖茨比,菲茨杰拉德,上海译文出版社
力学小问题及全国大学生力学竞赛试题,高云峰,清华大学出版社
力学性能试验,机械工业理化检验人员技术培训和资格鉴定委员会,上海科学普及出版社
凉月雅思写作实用技法,凉月,机械工业出版社
林徽因寻真,陈学勇,中华书局
龙族,江南,长江出版社
路遥远文集,路遥,人民文学出版社
罗密欧与朱丽叶,莎士比亚,人民文学出版社
毛泽东传,逄先知,中央文献出版社
美学三书,李泽厚,天津社会科学院出版社
莫泊桑小说精选,莫泊桑,人民文学出版社
气体动力学,王保国,北京理工大学出版社
前世今生的樱花,浅草千叶子,人民文学出版社
人间失格,太宰冶,国际文化出版公司
人性论,休谟,中国社会科学出版社
日本通史,冯玮,上海社会科学院出版社
日瓦戈医生,帕斯捷尔纳克,人民文学出版社
射频通信电路,陈邦媛,科学出版社
深入理解计算机系统,布赖恩特,机械工业出版社
神秘的天外来客,陈敏,中国民族摄影艺术出版社
沈从文集,沈从文,花城出版社
沈从文小说精编,沈从文,漓江出版社
生物数学,徐克学,科学出版社
实变函数与泛函分析习题精解,宋国柱,科学出版社
数理经济学的基本方法,蒋中一,北京大学出版社
思想的盛宴,哈默顿,九州出版社
四世同堂,老舍,人民文学出版社
孙子兵法与三十六计,孙武,吉林大学出版社
特高压电网,刘振亚,中国经济出版社
图象工程,章毓晋,清华大学出版社
拖延心理学,伯卡,中国人民大学出版社
瓦尔登湖,梭罗,贵州人民出版社
外研社精编英汉汉英词典,,外语教学与研究出版社
微积分,清华大学,清华大学出版社
为人处世De博弈术,王宇,哈尔滨出版社
我的名字叫红,帕穆克,上海人民出版社
乌合之众,勒庞,法律出版社
无线通信,戈德史密斯,人民邮电出版社
先进PID控制MATLAB仿真,刘金琨,电子工业出版社
现代磁性材料原理和应用,奥汉德利,化学工业出版社材料科学与工程出版中心
现代自然辩证法原理,杨玉辉,人民出版社
线性代数,杨奇,南开大学出版社
线性代数理论与解题方法,李启文,湖南大学出版社
线性统计模型,王松桂,高等教育出版社
线性系统理论,段广仁,哈尔滨工业大学出版社
像经济学家一样思考,阿诺德,人民邮电出版社
小波与小波变换导论,伯勒斯,机械工业出版社
新卖桔者言,张五常,中信出版社
新世纪日本语教程,冯峰,外语敎学与硏究出版社
信号处理引论,麦克莱伦,电子工业出版社
医学影像处理与分析,田捷,电子工业出版社
应用电化学,杨辉,科学出版社
应用电化学基础,吴辉煌,厦门大学出版社
英汉物理学词汇,赵凯华,北京大学出版社
英语语法精讲与测试,张福元,华东理工大学出版社
有机化学习题与解答,伍越寰,中国科学技术大学出版社
雨林中的欧几里德,梅热,重庆出版社
愈忙愈要学英文简历,克兰特曼,科学出版社
运算放大器应用电路设计,马场清太郎,科学出版社
哲学修养十五讲,孙正聿,北京大学出版社
中国农民调查,陈桂棣,人民文学出版社
庄子讲读,方勇,华东师范大学出版社
最优化方法,赖炎连,清华大学出版社
《大学物理(新版)》学习指导,张孝林,科学出版社
《孙子兵法》读本,姚有志,广西师范大学出版社
2006年度中国最佳科幻小说集,吴岩,四川人民出版社
51系列单片机开发宝典,赵建领,电子工业出版社
Adobe Photoshop CS2中文版经典教程,Adobe公司,人民邮电出版社
Ansoft HFSS基础及应用,谢拥军,西安电子科技大学出版社
C++语言基础教程,徐孝凯,清华大学出版社
CMOS电路模拟与设计,钟文耀,科学出版社
C语言实战105例,王为靑,人民邮电出版社
HFSS电磁仿真设计应用详解,李明洋,人民邮电出版社
Inventor R8应用培训教程,陈伯雄,清华大学出版社
Linux标准学习教程,IT同路人,人民邮电出版社
Maple指南,卡梅里奇,"高等教育出版社;""施普林格出版社"""
MATLAB 5手册,帕特-安纳德,机械工业出版社
MATLAB基础与应用教程,蔡旭晖,人民邮电出版社
MATLAB数值计算案例分析,刘寅立,北京航空航天大学出版社
MATLAB有限元结构动力学分析与工程应用,徐斌,清华大学出版社
MSC.Nastran有限元分析理论基础与应用,张永昌,科学出版社
Protel 2004完全自学手册,龙马工作室,人民邮电出版社
PSpice电路仿真程序设计,储成伟,国防工业出版社
STATA实用教程,王天夫,中国人民大学出版社
The adventures of tom sawyer,马克·吐温,大连理工大学出版社
Verilog  HDL数字控制系统设计实例,冼进,中国水利水电出版社
Visual C++串口通信技术与典型实例,李长林,清华大学出版社
Visual C++数据库实用编程100例,崔莹,中国铁道出版社
Windows核心编程,里克特,清华大学出版社
白话三国志,陈寿,新世界出版社
白领就业指南,王海龙,电子工业出版社
半导体物理学,叶良修,高等敎育出版社
悲惨世界,雨果,长江文艺出版社
悲剧的诞生,周国平,三联书社
编程珠玑,本特利,人民邮电出版社
标准美语发音的13个秘诀,库克,群言出版社
博弈论与经济行为,诺伊曼,生活?读书?新知三联书店
材料物理性能,陈树川,上海交通大学出版社
彩色插图节选本站在巨人的肩上,霍金,辽宁敎育出版社
程序设计基础,郑平安,清华大学出版社
程序员的自我修养,俞甲子,电子工业出版社
丑陋的中国人,,人民文学出版社
传热学,张奕,东南大学出版社
传热与流体流动的数值计算,帕坦卡,科学出版社
从零开始学MATLAB,王玉磊,中国铁道出版社
大国的兴衰,肯尼迪,国际文化出版公司
大国崛起,中央电视台,中国民主法制出版社
大学四、六级英语写作范文100篇,项宏萍,中国科学技术大学出版社
大学物理辅导,蒋美萍,科学出版社
当代社会学理论,华莱士,中国人民大学出版社
等离子体物理学,李定,高等敎育出版社
电磁场与电磁波,王增和,电子工业出版社
电机学,孙旭东,清华大学出版社
电力系统分析题解,何仰赞,华中科技大学出版社
非牛顿流体本构方程和计算解析理论,韩式方,科学出版社
分形原理及其应用,孙霞,中国科学技术大学出版社
分子遗传学,孙乃恩,南京大学出版社
复变函数重点难点考点辅导与精析,李昌兴,西北工业大学出版社
高等数学专题分析与解题指导,刘书田,北京大学出版社
工程材料的断裂与疲劳,邓增杰,机械工业出版社
工程材料基础,邢建东,机械工业出版社
固体物理简明教程,文尚胜,华南理工大学出版社
国际大学生程序设计竞赛例题解,郭嵩山,电子工业出版社
果壳里的60年,霍金,湖南科学技术出版社
哈姆莱特,莎士比亚,上海文艺出版社
黑色大丽花,艾尔洛伊,哈尔滨出版社
胡雪岩,高阳,三联书店
换热器管束流体力学与传热,钱颂文,中国石化出版社
黄金时代,王小波,译林出版社
黄金时代,王小波,上海三联书店
魂归大西洋,沃林福德,京华出版社
机器学习及其应用,王珏,清华大学出版社
基础化学学习指导与习题解析,祁嘉义,高等敎育出版社
计算机网络,谢希仁,电子工业出版社
简·爱,勃朗特,上海三联书店
结构方程模型原理及 AMOS 应用,林嵩,华中师范大学出版社
金属高温氧化和热腐蚀,中国腐蚀与防护学会,化学工业出版社工业装备与信息工程出版中心
近世代数,杨子胥,高等敎育出版社
静静的顿河,肖洛霍夫,人民文学出版社
理论力学,王铎,高等教育出版社
理论力学习题解答,陈明,哈尔滨工业大学出版社
量子力学与原子物理学,张哲华,武汉大学出版社
流体力学,陈文义,天津大学出版社
罗马人的故事,盐野七生,中信出版社
洛丽塔,纳博科夫,上海译文出版社
毛泽东的领导艺术,崔晓麟,军事科学出版社
毛泽东与读书学习,唐斫,中央文献出版社
梦的解析,弗洛伊德,九州出版社
梦典,洛夫,中央编译出版社
飘,米切尔,漓江出版社
普利策新闻奖图语,李天道,四川文艺出版社
普通物理学辅导,朱晓春,机械工业出版社
谱学导论,,高等教育出版社
期权、期货及其他衍生产品,赫尔,机械工业出版社
企业物流管理,巴卢,机械工业出版社
乾隆皇帝,二月河,长江文艺出版社
"瞧, 这个人",尼采,团结出版社
热学,张玉民,科学出版社
热学 热力学 统计物理,郑久仁,"科学出版社;""中国科学技术大学出版社"""
人工智能与专家系统,尹朝庆,中国水利水电出版社
人生的枷锁,毛姆,上海译文出版社
人生为何不同,叔本华,陕西师范大学出版社
溶胶-凝胶原理与技术,黄剑锋,化学工业出版社
杀死一只知更鸟,李,天津科技翻译出版公司
社会统计分析与数据处理技术,杨菊华,中国人民大学出版社
社会学入门,汉斯林,北京大学出版社
圣经故事,段琦,译林出版社
时间序列分析,潘红宇,对外经济贸易大学出版社
时间序列分析简明教程,张树京,"清华大学出版社;""北方交通大学出版社"""
实验设计与分析,蒙哥马利,人民邮电出版社
实用最优化方法及计算机程序,杨冰,哈尔滨船舶工程学院出版社
史记全译,司马迁,三秦出版社
试验设计与分析及参数优化,吴,中国统计出版社
叔本华思想随笔,叔本华,上海人民出版社
数据结构基础,霍罗维兹,清华大学出版社
数据结构与算法分析,卡拉诺,清华大学出版社
数据挖掘技术,贝里,机械工业出版社
数学分析习题集,吉米多维奇,高等教育出版社
数学基础,汪芳庭,科学出版社
数字信号处理,刘益成,电子工业出版社
数字信号处理及MATLAB实现,余成波,清华大学出版社
素描指南,曼德尔洛维兹,上海人民美术出版社
塔设备,王者相,"化学工业出版社;""工业装备与信息工程出版中心"""
天黑以后,村上春树,南海出版公司
天遇,迪亚库,上海科技敎育出版社
图论算法及其MATLAB实现,王海英,北京航空航天大学出版社
退步集,陈丹靑,广西师范大学出版社
瓦尔登湖,索罗,上海译文出版社
王小波小说全集,王小波,长江文艺出版社
微波与光电子学中的电磁理论,张克潜,电子工业出版社
微流动,卡尼亚达克斯,化学工业出版社
西行漫记,斯诺,东方出版社
系统工程,汪应洛,机械工业出版社
现代控制理论基础例题与习题,尤昌德,电子科技大学
现代谱估计,凯依,科学出版社
现代色谱分析,何华,化学工业出版社
现实一种,余华,上海文艺出版社
线性代数学习辅导与习题全解,刘先忠,高等教育出版社
乡土中国,费孝通,中华书局
小波分析及其应用,刘明才,清华大学出版社
小李飞刀,古龙,河南文艺出版社
新GRE写作5.5,李建林,外语教学与研究出版社
新东方名师六级英语真题诵典,宋平明,中国宇航出版社
新股民炒股指南,戴永良,企业管理出版社
信号与系统,罗伯茨,机械工业出版社
行为经济学,董志勇,北京大学出版社
雅思考试写作部分高分对策,马铁立,新时代出版社
研究生用西方经济学,高鸿业,经济科学出版社
氧化锆陶瓷及其复合材料,尹衍升,化学工业出版社
一九八四,奥威尔,译林出版社
隐蔽的秩序,吴思,海南出版社
应用计量经济学,恩德斯,高等敎育出版社
营销管理,科特勒,中国人民大学出版社
影像解剖学,弗莱肯施泰因,福建科学技术出版社
雍正皇帝,二月河,长江文艺出版社
有机化学习题精解,刘群,科学出版社
有机化学习题精解,迈斯利克,"科学出版社;""麦格劳-希尔敎育出版集团"""
有限元方法及其应用,李开泰,西安交通大学出版社
阅读城市,张钦楠,生活?读书?新知三联书店
真空断路器操动机构的设计与优化,苑舜,中国电力出版社
中国古镇游,《中国自助游》编辑部,陕西师范大学出版社
中国哲学史,冯友兰,重庆出版社
周易译注,黄寿祺,上海古籍出版社
周易译注,黄寿祺,上海古籍出版社
专用集成电路,史密斯,电子工业出版社
自然辩证法参考读物,刘兵,清华大学出版社
最优化理论与算法,陈宝林,清华大学出版社
罪与罚,陀思妥耶夫斯基,上海译文出版社
《数字信号处理 (第三版) 》学习指导,丁玉美,西安电子科技大学出版社
51单片机C语言常用模块与综合系统设计实例精讲,,电子工业出版社
80x86微机原理及接口技术,余春暄,机械工业出版社
C/C++ 软件工程师就业求职手册,胡凌云,人民邮电出版社
C++ PRIMER中文版,李普曼,人民邮电出版社
CMOS模拟集成电路分析与设计,吴建辉,电子工业出版社
C语言程序设计教程,谭浩强,高等教育出版社
LabVIEW 2009中文版虚拟仪器从入门到精通,李瑞,机械工业出版社
Linux环境下C编程指南,杨树靑,清华大学出版社
Linux内核设计与实现,洛夫,机械工业出版社
MSP 430单片机基础与实践,谢兴红,北京航空航天大学出版社
Simulink动态系统建模与仿真,,西安电子科技大学出版社
SPSS 16实用教程,宋志刚,人民邮电出版社
The hunchback of Notre Dame,雨果,大连理工大学出版社
TMS320C28x系列DSP指令和编程指南,美国德州仪器公司,清华大学出版社
"奥斯曼帝国, 原书名, 奥斯曼帝国和现代土耳其",肖,靑海人民出版社
巴金代表作,巴金,华夏出版社
半导体材料与器件表征技术,,大连理工大学出版社
半导体物理,季振国,浙江大学出版社
编译原理,阿霍,机械工业出版社
编译原理学习与应用指导,张永梅,国防工业出版社
变结构控制理论与应用,胡跃明,科学出版社
材料力学学习指导与提高,赵志岗,北京航空航天大学出版社
财务报表分析,,"北京大学出版社;""科文(香港)出版有限公司"""
操作系统习题与解析,曾平,清华大学出版社
出走十五年,余秋雨,云南人民出版社
大学物理(第三版)学习指导与习题选解,王纪龙,科学出版社
大学物理习题解析,焦兆焕,西安交通大学出版社
大学物理学,邓法金,科学出版社
电工电子技术学习要点与习题解析,张±?,国防科技大学出版社
东北往事,孔二狗,重庆出版社
读者文摘十年精华II,《读者文摘》编辑部,中国国际广播音像出版社
锻炼大脑的五十种秘诀,齐藤茂太,天津教育出版社
泛函分析基础,刘培德,科学出版社
泛函分析入门,赵焕光,四川大学出版社
泛函分析疑难分析与解题方法,孙清华,华中科技大学出版社
非线性动力学中的现代分析方法,陈予恕,科学出版社
非线性系统理论及应用,曹建福,西安交通大学出版社
非线性最优化方法,席少霖,高等教育出版社
废都,贾平凹,漓江出版社
沸腾和凝结,施明恒,高等敎育出版社
分形几何学,陈,地震出版社
分子生物学与基因工程习题集,王金发,科学出版社
丰乳肥臀,莫言,北京十月文艺出版社
疯癫与文明,傅科,三联书店
概率论与数理统计,陈希孺,中国科学技术大学出版社
概率统计,吴云江,西安交通大学出版社
高等代数,丘维声,清华大学出版社
高等流体力学,王献孚,华中科技大学出版社
高等内燃机原理,蒋德明,西安交通大学出版社
高等数学,同济大学,同济大学出版社
高等数学,同济大学,同济大学出版社
高等数学工科数学分析学习同步辅导,张宗达,哈尔滨工业大学出版社
高等数学同步辅导教程,姜长友,北京航空航天大学出版社
高等数学同步精讲,陈兰祥,学苑出版社
高尔夫球场命案,克里斯蒂,人民文学出版社
高性能计算并行编程技术,都志辉,清华大学出版社
哥儿,夏目漱石,人民文学出版社
工程热力学纲要指南及典型习题分析,姚寿广,国防工业出版社
工科数学分析例题与习题,孙振绮,机械工业出版社
公司理财,罗斯,机械工业出版社
公务员面试真题1000道详解,龚晓林,中国建材工业出版社
孤独六讲,蒋勋,广西师范大学出版社
股市真规则,多尔西,中信出版社
管理的实践,德鲁克,机械工业出版社
光电化学太阳能转换,普列斯科夫,科学出版社
光学教程,叶玉堂,清华大学出版社
红玫瑰与白玫瑰,张爱玲,北京十月文艺出版社
宏观经济学考研模拟试题详解,金圣才,中国石化出版社
霍乱时期的爱情,加西亚·马克斯,南海出版公司
基础物理学,蔡怀新,高等教育出版社
吉米多维奇数学分析习题集选解,黄光谷,华中科技大学出版社
计算材料学基础,张跃,北京航空航天大学出版社
计算方法,张池平,科学出版社
计算机等级考试考点分析、题解与模拟,殷建民,电子工业出版社
计算机网络,库罗斯,机械工业出版社
计算机组织与结构,斯托林斯,电子工业出版社
金陵十三钗,严歌苓,江苏文艺出版社
荊棘鸟,麦卡洛,译林出版社
晶体管原理与设计,陈星弼,电子工业出版社
矩阵分析,刘丁酉,武汉大学出版社
卡尔维诺文集,卡尔维诺,译林出版社
开关电源设计指南,布朗,机械工业出版社
可爱的Python,哲思社区,电子工业出版社
老残游记,刘鹗,人民文学出版社
理论力学,张克猛,科学出版社
理论力学 (第六版) 同步辅导及习题全解,刘东星,中国水利水电出版社
理论力学学习辅导,贾书惠,清华大学出版社
理想国,柏拉图,译林出版社
流体力学,张国强,机械工业出版社
麦肯锡咨询方法,程爱学,北京大学出版社
漫画资本论,马克思,吉林文史出版社
美国纽约摄影学院摄影教材,美国纽约摄影学院,中国摄影出版社
面试口语大全,浩瀚,石油工业出版社
明朝的皇帝,高阳,广西师范大学出版社
纳米氧化钛光催化材料及应用,高濂,化学工业出版社材料科学与工程出版中心
逆光,那多,接力出版社
疲劳与断裂,陈传尧,华中科技大学出版社
品人录,易中天,上海文艺出版社
麒麟之翼,东野圭吾,南海出版公司
气体射流动力学,赵承庆,北京理工大学出版社
千年庭院,余秋雨,中国盲文出版社
青铜时代,王小波,长江文艺出版社
青铜时代,王小波,上海三联书店
倾城之恋,张爱玲,北京十月文艺出版社
秋,巴金,人民文学出版社
燃料电池,衣宝廉,化学工业出版社
热爱生命,杰克·伦敦,"长江文艺出版社;""湖北人民出版社"""
热分析动力学,胡荣祖,科学出版社
三体,刘慈欣,重庆出版社
设计手绘表达,崔笑声,中国水利水电出版社
社会研究的统计应用,李沛良,社会科学文献出版社
谁家有女初长成,严歌苓,陕西师范大学出版社
神之简史,鲍克,生活?读书?新知三联书店
十家论庄,胡道静,上海人民出版社
十日谈,薄伽丘,长江文艺出版社
实用数值计算方法,甄西丰,清华大学出版社
数学建模,方道元,浙江大学出版社
数值计算方法学习指导书,邹秀芬,武汉大学出版社
数值最优化,李董辉,科学出版社
数字图像处理,冈萨雷斯,电子工业出版社
檀香刑,莫言,上海文艺出版社
天线理论与技术,卢万铮,西安电子科技大学出版社
椭圆与抛物型方程引论,伍卓群,科学出版社
瓦尔登湖,梭罗,天津敎育出版社
万水千山走遍,三毛,北京十月文艺出版社
微分方程数值方法,胡健伟,科学出版社
微积分学习指导,韩云瑞,清华大学出版社
围棋入门与提高,刘月辉,天津科学技术出版社
我和LabVIEW,阮奇桢,北京航空航天大学出版社
无机合成与制备化学,徐如人,高等教育出版社
物理学全程导学及习题全解 (第四版),苗明川,中国时代经济出版社
物理学中的张量分析,刘连寿,科学出版社
西方文论史,马新国,高等敎育出版社
先秦诸子十二讲,鲍鹏山,上海科学技术文献出版社
现代机械测试技术,张优云,科学出版社
现代几何光学,迪特恩,湖南大学出版社
现代控制理论,刘豹,机械工业出版社
详解MATLAB数字信号处理,张德丰,电子工业出版社
心理罪,雷米,"重庆出版集团;""重庆出版社"""
新编MD Nastran有限元实例教程,杨剑,机械工业出版社
新托福考试高分突破,周美贞,外语教学与研究出版社
新一代视频压缩编码标准,毕厚杰,人民邮电出版社
信,东野圭吾,译林出版社
信号与线性系统解题指导,林梓,北京邮电学院出版社
杨绛文集,杨绛,人民文学出版社
医学统计学,徐勇勇,高等教育出版社
应用泛函分析,姚泽清,科学出版社
应用时间序列分析,王燕,中国人民大学出版社
应用数理统计,施雨,西安交通大学出版社
英语短篇小说精选读本,亨利,中国国际广播出版社
与神对话,沃尔什,上海书店出版社
贞观长歌,周志方,中国工人出版社
知无涯者,卡尼格尔,上海科技教育出版社
制冷空调装置智能仿真,丁国良,科学出版社
智能数据挖掘与知识发现,焦李成,西安电子科技大学出版社
中式英语之鉴,平卡姆,外语敎学与硏究出版社
周易概论,刘大钧,巴蜀书社
转子动力学基础,袁惠群,冶金工业出版社
庄子,陈业新,崇文书局
自卑与超越,阿德勒,光明日报出版社
自卑与超越,阿德勒,汕头大学出版社
自动控制原理 (第四版) 习题解析,焦晓红,西安交通大学出版社
自然辩证法教学案例,胡光等,中国人民大学出版社
最新GRE机考指导与实践,马丁森,上海译文出版社
最优化方法及其Matlab程序设计,马昌凤,科学出版社
最优控制理论及参数优化,李国勇,国防工业出版社
算法分析导论,塞奇威克,机械工业出版社
特征提取与图像处理,尼克松,电子工业出版社
<<物理学概论>>习题解答,黄瑞霖,西南交通大学出版社
51单片机C语言开发详解,张天凡,电子工业出版社
Autodesk Inventor 8使用指南,廖廷睿,中国铁道出版社
C语言完全手册,杨峰,科学出版社
FORTRAN 95程序设计与数据结构基础教程,王庆节,天津大学出版社
GRE作文100篇,钱坤强,外语敎学与硏究出版社
LINGO 4.0 for Windows最优化软件及其应用,洪文,北京大学出版社
MATLAB电力系统设计与分析,吴天明,国防工业出版社
MATLAB函数速查手册,李玉莉,化学工业出版社
MATLAB建模与仿真应用,王中鲜,机械工业出版社
MATLAB控制系统仿真与实例详解,夏玮,人民邮电出版社
MATLAB与C/C++混合编程,张亮,人民邮电出版社
Python技术手册,马特利,人民邮电出版社
SPSS统计分析基础、应用与实践,王璐,化学工业出版社
Verilog数字系统设计,纳瓦毕,电子工业出版社
Visual C++/Turbo C串口通信编程实践,龚建伟,电子工业出版社
Wuthering heights,勃朗特,靑岛出版社
Xilinx FPGA开发实用教程,田耘,清华大学出版社
YEP!完全打败外企HR的面试英语,安雅宁,机械工业出版社
暗影,那多,接力出版社
半导体器件电子学,沃纳,电子工业出版社
悖论13,东野圭吾,南海出版公司
泵与风机,徐士鸣,大连理工大学出版社
变分原理及其应用,梁立孚,哈尔滨工程大学出版社
材料科学基础,胡赓祥,上海交通大学出版社
常微分方程定性与稳定性方法,马知恩,科学出版社
超越感觉,鲁吉罗,复旦大学出版社
齿轮及齿轮箱故障诊断实用技术,丁康,机械工业出版社
川端康成十卷集,高慧勤,河北敎育出版社
传热学基础,杨世铭,高等教育出版社
大话数据结构,程杰,清华大学出版社
大容量真空开关理论及其产品开发,王季梅,西安交通大学出版社
大唐狄公案,高罗佩,海南出版社
大学物理简明教程,梁励芬,复旦大学出版社
大学物理权威教材精华700题解,万方,中国建材工业出版社
大哲学家,蒙克,"海南出版社;""内蒙古人民出版社"""
邓小平时代,杨继绳,中央编译出版社
邓小平自述,邓小平,解放军出版社
狄公案·刘公案,佚名,天津古籍出版社
电磁场数值计算与MATLAB实现,何红雨,华中科技大学出版社
电动力学,俎栋林,清华大学出版社
电工和电子技术学习指导与题解,姜明,北京理工大学出版社
电工学 (第六版 上册) 电工技术习题全解,姜三勇,高等敎育出版社
电力市场基础,王希凡,西安交通大学出版社
电子光学,杜秉初,清华大学出版社
动物植物之谜,张超,中国社会科学出版社
分子和细胞生物学,斯坦菲尔德,科学出版社
浮力射流的理论及应用,李炜,科学出版社
浮生六记,沈复,中州古籍出版社
改变千万人生的一堂课,马登,宁夏人民教育出版社
概率与统计,陈家鼎,北京大学出版社
高等代数习题解,,山东科学技术出版社
高等代数习题全解 (上、下册),王晴,科学技术文献出版社
高等电力网络分析,张伯明,清华大学出版社
高等近世代数,罗特曼,机械工业出版社
高电压技术,周泽存,中国电力出版社
格子Boltzmann方法的原理及应用,郭照立,科学出版社
工程光学,郁道银,机械工业出版社
工程振动测试与分析,李方泽,高等敎育出版社
功能材料与纳米技术,李玲,化学工业出版社
共和国外交风云中的邓小平,潘敬国,黑龙江人民出版社
国家公务员录用考试全国通用教材,刘子仲,北京科学技术出版社
哈佛家训,贝纳德,中国妇女出版社
汉英新词新语辞典,胡志勇,上海交通大学出版社
何以笙箫默,顾漫,沈阳出版社
红与黑,司汤达,译林出版社
宏观经济学,多恩布施,中国人民大学出版社
宏观经济学,曼昆,中国人民大学出版社
混沌与分形,佩特根,国防工业出版社
机械设计要点与解题,张鄂,西安交通大学出版社
机遇与混沌,吕埃勒,上海科技敎育出版社
基督山伯爵,大仲马,华东师范大学出版社
吉米多维奇习题集学习指引,沐定夷,高等教育出版社
几何原本,欧几里得,人民日报出版社
计算流体动力学及其应用,张师帅,华中科技大学出版社
绩效管理,付亚和,复旦大学出版社
叫魂,孔飞力,上海三联书店
解读《共产党宣言》,许玉杰,中国经济出版社
近代物理,杨桂林,科学出版社
经济学原理,马歇尔,华夏出版社
经络·腧穴·气功,宋天彬,高等敎育出版社
晶体管电路设计,铃木雅臣,科学出版社
精通J2EE,计磊,人民邮电出版社
菊与刀,本尼迪克特,青岛出版社
矩阵论,戴华,科学出版社
了不起的盖茨比,菲茨杰拉德,陕西人民出版社
离散数学典型例题与解法,邹阿金,国防科技大学出版社
临床中药学,高学敏,河北科学技术出版社
流体力学,贾月梅,国防工业出版社
流体润滑理论,周桂如,浙江大学出版社
六世达赖喇嘛仓央嘉措,高平,中国藏学出版社
罗生门,芥川龙之介,上海三联书店
罗生门,芥川龙之介,译林出版社
毛宗岗批评本三国演义,罗贯中,岳麓书社
面试中的248个问题及回答技巧,霍奇森,中国市场出版社
莫言精选集,莫言,北京燕山出版社
男人攻略,李津,群言出版社
"你好, 旧时光",八月长安,湖南文艺出版社
嵌入式Linux应用开发完全手册,韦东山,人民邮电出版社
热力学与统计物理,欧阳容百,科学出版社
人际心理学,刘迎泽,海潮出版社
日本获奖推理小说选,李重民,九州出版社
入党培训的25个问题,《求是》杂志政治部,红旗出版社
色谱分析概论,傅若农,化学工业出版社
社会契约论,卢梭,陕西人民出版社
社会性动物,阿伦森,新华出版社
沈从文经典作品选,沈从文,当代世界出版社
圣女的救赎,东野圭吾,接力出版社
失效分析,孙智,机械工业出版社
十宗罪,蜘蛛,湖南文艺出版社
实变函数解题指南,周民强,北京大学出版社
实变函数与泛函分析基础,程其襄,高等教育出版社
食物营养与健康,薛建平,中国科学技术大学出版社
史前与当今的流体力学问题,周光,北京大学出版社
世纪未解之谜,张石,陕西师范大学出版社
世界经典爱情小说,董兴文,中央民族大学出版社
试验设计与数据处理,何少华,国防科技大学出版社
数学分析的思想与方法,明清河,山东大学出版社
数学分析全程导学及习题全解,王勇,中国时代经济出版社
数学建模教程,许洪范,国防工业出版社
数学考研精解,罗亚平,科学出版社
数学物理方程与特殊函数,杨奇林,清华大学出版社
数值分析原理,封建湖,科学出版社
数字系统设计,夏宇闻,高等敎育出版社
钛合金及其表面处理,赵树萍,哈尔滨工业大学出版社
湍流大涡数值模拟的理论和应用,张兆顺,清华大学出版社
瓦尔登湖,梭罗,上海三联书店
完美英文简历一本通,王珠英,西安交通大学出版社
汪曾祺谈吃,汪曾祺,北方文艺出版社
王小波全集,王小波,北京理工大学出版社
乌合之众,勒庞,江西人民出版社
物理化学学习及考研指导,沈文霞,科学出版社
物语日本,茂吕美耶,广西师范大学出版社
物种起源,达尔文,北京大学出版社
西安交通大学imac,,
西方经济学,高鸿业,中国人民大学出版社
西方美学史,朱光潜,中国长安出版社
吸附作用应用原理,赵振国,化学工业出版社
希腊神话,施瓦布,陕西师范大学出版社
线性代数通用辅导讲义,俞正光,清华大学出版社
线性代数与解析几何学习指导,邱中华,人民邮电出版社
详解MATLAB在科学计算中的应用,陈泽,电子工业出版社
象与骑象人,海特,中国人民大学出版社
心理学导论,库恩,中国轻工业出版社
心理罪,雷米,重庆出版社
新版中日交流标准日本语语法详解,刘晓华,大连出版社
新材料概论,谭毅,冶金工业出版社
修炼,谢耘,东方出版社
溴化锂吸收式制冷机实用教程,辛长平,电子工业出版社
许三观卖血记,余华,作家出版社
血色浪漫,都梁,长江文艺出版社
医学分子细胞生物学,章静波,中国协和医科大学出版社
应用非线性控制,斯洛坦,机械工业出版社
张国荣的荣光魅影,陈舒,东方出版社
侦探俱乐部,东野圭吾,南海出版公司
只差一个谎言,东野圭吾,南海出版社
中国盗墓史,王子今,九州出版社
肿瘤分子细胞生物学,陈意生,人民军医出版社
庄子,庄子,中华书局
追忆似水年华,普鲁斯特,译林出版社
资本论,马克思,译林出版社
资本市场:机构与工具,法博齐,经济科学出版社
资治通鉴,陈磊,中华书局
走遍日本,王精诚,外语教学与研究出版社
《三十六计》现代释用,司马烈人,中国华侨出版社
《诗经》译注,周振甫,江苏敎育出版社
《周易》与人生,蒋凡,上海古籍出版社
ABC谋杀案,克里斯蒂,新星出版社
Absolute C++中文版,萨维奇,机械工业出版社
Bill Clinton,本森,中国对外翻译出版公司
C++程序设计教程,王珊珊,机械工业出版社
C++从入门到精通,李伟明,清华大学出版社
MATLAB控制系统仿真与设计,赵景波,机械工业出版社
MATLAB控制系统应用与实例,樊京,清华大学出版社
MATLAB语言及机械工程应用,原思聪,机械工业出版社
MATLAB自动控制系统设计,张德丰,机械工业出版社
Protel 99SE电路设计教程,李东生,电子工业出版社
TOEFL词汇词根+联想记忆法,俞敏洪,浙江教育出版社
TOEFL考试词汇详解手册,王勋,清华大学出版社
Visual C++数据库系统开发案例精选,宋坤,人民邮电出版社
"暗红色研究;""四个人的签名""",柯南道尔,百家出版社
半导体光电子技术,余金中,化学工业出版社
北大教授给出的21条博弈法则,叶舟,广西科学技术出版社
边干边学,李善平,浙江大学出版社
病理生理学,陈主初,人民卫生出版社
博物馆建筑,罗森布拉特,中国建筑工业出版社
捕鼠器,克里斯蒂AKelisidi,人民文学出版社
不能承受的生命之轻,昆德拉,上海译文出版社
不确定度及其实践,刘智敏,中国标准出版社
布鲁特斯的心脏,东野圭吾,南海出版公司
材料表面工程导论,赵文轸,西安交通大学出版社
材料力学辅导,黄一红,西安电子科技大学出版社
材料力学学习及考研指导书,西南交通大学,西南交通大学出版社
材料热力学,郝士明,化学工业出版社
常识,梁文道,广西师范大学出版社
沉睡的森林,东野圭吾,南海出版公司
出国留学应急英语,王蓓,北京工业大学出版社
大学物理学 (第3版) 习题分析与题解,王少杰,同济大学出版社
单片机Keil Cx51应用开发技术,王为靑,人民邮电出版社
弹性力学简明教程,杨桂通,清华大学出版社
地底奇人,倪匡,上海书店出版社
邓小平的三落三起,赵晓光,辽宁人民出版社
邓小平时代,傅高义,生活·读书·新知三联书店
邓小平文选  第一卷,邓小平,人民出版社
第三帝国的兴亡,夏伊勒,世界知识出版社
电磁学,徐游,科学出版社
电工学习题解答,张继红,机械工业出版社
电路学习指导与习题精解,潘双来,清华大学出版社
洞察未来,马斯洛,华夏出版社
读城记,易中天,上海文艺出版社
读史学做人,任浩之,陕西师范大学出版社
方与圆全集,宋小威,万卷出版公司
分岔与奇异性,陆启韶,上海科技敎育出版社
风声鹤唳,林语堂,陕西师范大学出版社
复合材料力学,沈观林,清华大学出版社
概率论·数理统计·随机过程,胡细宝,北京邮电大学出版社
概率论与数理统计全程导学及习题全解,谢婧,中国时代经济出版社
高等工程流体力学,张鸣远,西安交通大学出版社
高等数学题型全攻略,吴云天,化学工业出版社
高等数学同步学习辅导,西北工业大学高等数学敎研室,西北工业大学出版社
高等数学习题课教程,蒋福民,同济大学出版社
高等数学学习辅导与习题选解,同济大学,同济大学出版社
工程优化方法及其应用,张可村,西安交通大学出版社
古董局中局,马伯庸,凤凰出版社
顾城精选集,顾城,北京燕山出版社
国富论,斯密,江苏人民出版社
国外社会学理论,刘少杰,高等敎育出版社
汉英词典,王希荣,外文出版社
航空发动机,刘大响,航空工业出版社
红楼梦,曹雪芹,花城出版社
换热器,董其伍,化学工业出版社
黄帝内经,段青峰,崇文书局
机会就在你身边,哈伯德,北方文艺出版社
机械绘图与识图300例,周明贵,化学工业出版社
基本粒子物理学史,派斯,武汉出版社
基于ANSYS平台有限元分析手册,曾攀,机械工业出版社
基于OpenCV的计算机视觉技术实现,陈胜勇,科学出版社
计算声学,李太宝,科学出版社
夹边沟记事,杨显惠,花城出版社
假面饭店,东野圭吾,南海出版公司
街道的美学,芦原义信,百花文艺出版社
金陵十三钗,严歌苓,"北京联合出版公司;""陕西师范大学出版社"""
京华烟云,林语堂,江苏文艺出版社
经典思维50法,麦冬,内蒙古人民出版社
经典童话三部曲,卡罗尔,清华大学出版社
经济学300年,何正斌,湖南科学技术出版社
矩阵分析,史荣昌,北京理工大学出版社
矩阵分析,史荣昌,北京理工大学出版社
朗文·外研社新概念英语,Alexander,"外语敎学与研究出版社;""朗文出版亚洲有限公司"""
离散数学及其在计算机中的应用,,人民邮电出版社
理论力学,金尚年,高等教育出版社
理论力学,武清玺,高等教育出版社
理论力学,范钦珊,清华大学出版社
历史深处的忧虑,林达,生活?读书?新知三联书店
例说51单片机,张义和,人民邮电出版社
量子力学导论,曾谨言,北京大学出版社
临床组织病理学彩色图谱,,辽宁科学技术出版社
刘备日记,刘思,中国民航出版社
流星雨,三毛,北京十月文艺出版社
龙族,江南,长江出版社
论法的精神,孟德斯鸠,陕西人民出版社
马太效应,朱煜,中国纺织出版社
毛泽东传,特里尔,河北人民出版社
美国宪政历程,任东来,中国法制出版社
美丽童话,格斯特,清华大学出版社
摩擦学的分形,葛世荣,机械工业出版社
目送,龙应台,生活·读书·新知三联书店
内科学习题集,马爱群,人民卫生出版社
尼罗河上的惨案,克里斯蒂,新星出版社
你不可不知道的300幅名画,刘绮文,中国旅游出版社
你好，旧时光,八月长安,新世界出版社
凝聚态物理学新论,冯端,上海科学技术出版社
品味四季生活,海明威,北方文艺出版社
平狄克版《微观经济学》(第七版) 学习手册,翔高教育经济学教学研究中心,中国人民大学出版社
普通化学,浙江大学,高等教育出版社
青花瓷,方文山,作家出版社
全家福,叶广芩,北京出版社
热喷涂技术与应用,吴子健,机械工业出版社
人性管理,曾仕强,东方出版社
人一生要读的100首诗歌,淡霞,中国和平出版社
日本小说经典,叶渭渠,上海文艺出版社
日本语初级语法,刘文照,华东理工大学出版社
丧钟为谁而鸣,海明威,上海译文出版社
杀死一只知更鸟,李,译林出版社
莎士比亚名篇赏析,莎士比亚,北京大学出版社
设计与验证,吴继华,人民邮电出版社
社会契约论,卢梭,江西人民出版社
社会网络分析,林聚任,北京师范大学出版社
社会学二十讲,亚历山大,华夏出版社
生活的艺术,林语堂,陕西师范大学出版社
生死疲劳,莫言,上海文艺出版社
生物信息学基因和蛋白质分析的实用指南,Baxevanis,清华大学出版社
十四堂人生创意课,李欣频,电子工业出版社
时间中国,紫图黑镜头编辑部,花山文艺出版社
时空的未来,霍金,湖南科学技术出版社
史铁生散文,史铁生,人民文学出版社
世界文明史,马克,北京大学出版社
数学大师,贝尔,上海科技敎育出版社
数学建模,杨桂元,中国科学技术大学出版社
数学建模,杨启帆,浙江大学出版社
数学建模方法与实践,董臻圃,国防工业出版社
数学史概论,李文林,高等敎育出版社
数学物理方程及其近似方法,程建春,科学出版社
数学物理方法,管平,高等教育出版社
数字图像处理及其MATLAB实现,陈爱军,东北林业大学出版社
数字信号处理,张立材,北京邮电大学出版社
数字信号处理,米拉特,电子工业出版社
死魂灵,果戈理,长江文艺出版社
苏轼集,苏轼,凤凰出版社
孙子兵法古今谈,孔干,军事科学出版社
孙子兵法正宗,任俊华,华夏出版社
听南怀瑾讲<<庄子>>,潘鸿生,中央编译出版社
图论,王朝瑞,北京理工大学出版社
蛙,莫言,上海文艺出版社
瓦尔登湖,梭罗,上海世界图书出版公司
微分方程及边值问题,爱德华兹,清华大学出版社
温柔的夜,三毛,北京十月文艺出版社
我的不安,龙应台,南海出版公司
物理化学,傅献彩,高等敎育出版社
雾都孤儿,狄更斯,译林出版社
希腊神话故事,施瓦布,吉林出版集团有限责任公司
现代半导体物理,夏建白,北京大学出版社
现代控制工程,奥加塔,电子工业出版社
详解MATLAB工程科学计算与典型应用,周灵,电子工业出版社
心理学基础,刘儒德,教育科学出版社
新编日语教程,丸尾达,华东理工大学出版社
新托福考试词汇精典,金利,外语教学与研究出版社
信号与系统 (郑君里·第二版) 考研教案,范世贵,西北工业大学出版社
信息论,傅祖芸,电子工业出版社
形而上学,亚里士多德,中国人民大学出版社
薛定谔讲演录,薛定谔,北京大学出版社
学生时代的毛泽东,唐振南,中央文献出版社
野草,鲁迅,人民文学出版社
一个经济杀手的自白,珀金斯,广东经济出版社
医学分子生物学学习指导及习题集,,人民卫生出版社
医学实验动物学,刘恩岐,科学出版社
医学统计学,颜虹,人民卫生出版社
有机化学题解,聂进,华中科技大学出版社
有限元法及ANSYS程序应用基础,张力,科学出版社
有限元方法编程,史密斯,电子工业出版社
云图,米切尔,上海文艺出版社
"早期作品;""唐人故事"";""似水柔情""",王小波,长江文艺出版社
中国科幻小说经典,叶永烈,长江文艺出版社
周国平人文讲演录,周国平,上海文艺出版社
卓有成效的管理者,德鲁克,机械工业出版社
自动控制原理,余成波,清华大学出版社
自适应控制,Astrom,科学出版社
组织理论,斯各特,华夏出版社
最好的我们,八月长安,湖南文艺出版社
《大学物理学》习题分析与解答,李元杰,高等敎育出版社
《周易》译注,周振甫,江苏敎育出版社
2007国家公务员录用考试行政职业能力测验历年真题归类精解,祝立明,中国法制出版社
Accelerated C++中文版,凯尼格,机械工业出版社
ANSYS 10.0材料工程有限元分析实例教程,胡红军,电子工业出版社
ANSYS Workbench设计建模与虚拟仿真,李范春,电子工业出版社
C++程序设计语言,斯特朗斯特鲁普,机械工业出版社
Chicken soup for the soul,坎菲尔德,安徽科学技术出版社
Chicken soup for the teenage soul,马克,安徽科学技术出版社
Eclipse从入门到精通,陈刚,清华大学出版社
Inventor 10中文版机械设计精彩实例与进阶教程,董永进,化学工业出版社
LabVIEW入门与提高范例教程,申炎华,中国铁道出版社
Matlab 7.6图形图像处理,王家文,国防工业出版社
Photoshop CS3中文版从入门到精通,腾龙视觉,人民邮电出版社
Pro/ENGINEER Wildfire中文版典型实例,谭雪松,人民邮电出版社
Protel电路设计与制版宝典,赵建领,电子工业出版社
Scarlet and black,司汤达,广州出版社
SYSNOISE Rev5.6详解,李增刚,国防工业出版社
Ubuntu实战技巧精粹,何晓龙,人民邮电出版社
Visual C++ 2008入门经典,霍顿,清华大学出版社
Visual C++入门与提高,陈争光,科学出版社
半导体材料,邓志杰,化学工业出版社
贝叶斯统计推断,张尧庭,科学出版社
毕业,东野圭吾,南海出版公司
编译原理,阿霍,机械工业出版社
变态心理学,张伯源,北京大学出版社
博弈论教程,王则柯,中国人民大学出版社
博弈论教程,罗云峰,清华大学出版社
博弈论与经济学,蒙特,经济管理出版社
材料科学基础,郑子樵,中南大学出版社
材料研究方法,谈育煦,机械工业出版社
灿烂千阳,侯赛尼,上海人民出版社
测度与积分,赵荣侠,西安电子科技大学出版社
"常微分方程及其Maple, MATLAB求解",钟益林,清华大学出版社
超声换能器的原理及设计,林书玉,科学出版社
沉默的大多数,王小波,上海文化出版社
程序设计与C语言,梁力,西安交通大学出版社
崇祯十七年,余同元,东方出版社
丑陋的中国人,柏杨,人民文学出版社
从存在到演化,普里果金,北京大学出版社
存在与时间,海德格尔,三联书店
存在主义是一种人道主义,萨特,上海译文出版社
大话无线通信,丁奇,人民邮电出版社
大脑的营养,卡珀,新华出版社
大鼠脑立定位图谱,,人民卫生出版社
大唐帝国,陈舜臣,新星出版社
大学英语分类阅读100篇,卢建,新华出版社
大众理财实战宝典,大众理财顾问杂志社,机械工业出版社
弹性力学,朱滨,中国科学技术大学出版社
当代大学生乐理与视唱实用教程,邱晓枫,"清华大学出版社;""北京交通大学出版社"""
当代市场调研,迈克丹尼尔,机械工业出版社
党员实用手册,,中央文献出版社
德国硱女总理夫人硰默克尔,廖生,社会科学文献出版社
地下黑客社会,德赖弗斯,海南出版社
第一届鲁迅文学奖全国优秀中篇小说奖提名作品集,张韧,中国社会出版社
电厂汽轮机原理及系统,靳智平,中国电力出版社
电磁学,吕长荣,哈尔滨工业大学出版社
电工电子技术学习指导与习题解答,徐淑华,电子工业出版社
电工学·电工技术 (第六版) 导教·导学·导考,朱建,西北工业大学出版社
电化学测量方法,贾铮,化学工业出版社
电力系统分析,夏道止,中国电力出版社
电力系统继电保护原理,贺家李,中国电力出版社
电容器及其应用,陈永真,科学出版社
多源信息融合,韩崇昭,清华大学出版社
额尔古纳河右岸,迟子建,北京十月文艺出版社
飞机总体设计,李为吉,西北工业大学出版社
废都,贾平凹,作家出版社
弗洛伊德自传,弗洛伊德,东方出版社
浮躁,贾平凹,长江文艺出版社
负建筑,隈研吾,山东人民出版社
概率论基础教程,罗斯,机械工业出版社
概率论与数理统计 (习题精选),王蓉华,北京大学出版社
概率统计及随机过程,张福渊,北京航空航天大学出版社
钢笔楷书教程,骆恒光,浙江文艺出版社
高等代数内容、方法与技巧,孙清华,华中科技大学出版社
高等无机结构化学,麦松威,"北京大学出版社;""香港中文大学出版社"""
高分子化学,潘祖仁,化学工业出版社敎材出版中心
高分子物理,何曼君,复旦大学出版社
工程经济学,刘新梅,西安交通大学出版社
工程制图解题分析,黄皖苏,中国科学技术大学出版社
工质热物理性质计算程序的编制及应用,刘志刚,科学出版社
公共管理学,陈振明,中国人民大学出版社
光滑粒子流体动力学,利乌,湖南大学出版社
广岛之恋,杜拉斯,上海译文出版社
国际雅思口语真题题源,刘创,科学出版社
过电压防护及绝缘配合,张纬,清华大学出版社
航空发动机原理,廉筱纯,西北工业大学出版社
合金的形状记忆效应与超弹性,赵连城,国防工业出版社
红高粱家族,莫言,人民文学出版社
呼啸山庄,勃朗特,译林出版社
化学简史,柏廷顿,广西师范大学出版社
荒原,艾略特,北京燕山出版社
机械密封实用技术,顾永泉,机械工业出版社
基础有机化学,邢其毅,高等敎育出版社
基础有机化学习题解答与解题示例,邢其毅,北京大学出版社
基于LabVIEW的数据采集与处理技术,白云,西安电子科技大学出版社
艰难时世,狄更斯,世界图书出版公司
建筑专业学生优秀作品选,薛加勇,同济大学出版社
剑桥雅思词汇精典,吴建业,外语敎学与硏究出版社
结构动力分析的子结构方法,,同济大学出版社
结构分析的有限元法与MATLAB程序设计,徐荣桥,人民交通出版社
就业、利息和货币通论,凯恩斯,九洲出版社
菊与刀,贝内迪克特,凤凰出版社
决策理论与方法,岳超源,科学出版社
决策与判断,普劳斯,人民邮电出版社
卡夫卡中短篇小说选,卡夫卡,人民文学出版社
康德著作全集,康德,中国人民大学出版社
科学计算导论,希思,清华大学出版社
老子的智慧,林语堂,当代世界出版社
勒柯布西耶,《大师》编辑部,华中科技大学出版社
理论力学,贾启芬,天津大学出版社
理论力学,郭应征,清华大学出版社
理想国,柏拉图,陕西人民出版社
流体力学,张鸿雁,科学出版社
流体力学,刘鹤年,中国建筑工业出版社
马克思主义经典著作选编与导读,谭培文,人民出版社
面试英语口语大全,李雪,机械工业出版社
冥想,仁森,湖南科学技术出版社
模式识别原理与应用,李弼程,西安电子科技大学出版社
纳米材料制备技术,倪星元,化学工业出版社
南华真经注译,张惠丽,中国社会科学出版社
牛津英汉双解词典,林德伯格,"上海译文出版社;""牛津大学出版社"""
女人解读,奥修,喀什维吾尔文出版社
欧叶妮·格朗台,巴尔扎克,译林出版社
平狄克鲁宾费尔德《微观经济学》(第七版) 学习指导,汉密尔顿,中国人民大学出版社
"普通物理;""大学物理""",张淳民,西安交通大学出版社
强化传热新技术及其应用,崔海亭,化学工业出版社
轻松学习心电图,汉普顿,北京医科大学出版社
求职简历100种,劳动和社会保障部培训就业司,石油大学出版社
人工智能及其应用,蔡自兴,清华大学出版社
人间,蔡骏,河南文艺出版社
人性的弱点,卡耐基,译林出版社
日本畅销小说选,朱川凑人,上海文艺出版社
三维涡流场的有限元分析,谢德馨,机械工业出版社
少女小渔,严歌苓,陕西师范大学出版社
沈丛文代表作,沈从文,华夏出版社
失乐园,渡边淳一,北京联合出版公司
失落的秘符,布朗,人民文学出版社
十一字杀人,,上海译文出版社
实用分子生物学操作指南,曹亚,人民卫生出版社
食品营养与健康,,中国轻工业出版社
世界科学未解之谜,徐胜华,光明日报出版社
数据结构,梅因,机械工业出版社
数据结构 (C语言描述) 学习指导与习题解答,徐孝凯,清华大学出版社
数据结构辅导及习题精解,吴志坚,陕西师范大学出版社
数学分析习题全解,赵敏,科学技术文献出版社
数学物理方程与特殊函数学习指导与习题全解,赵振海,大连理工大学出版社
数值逼近与常微分方程数值解,程正兴,西安交通大学出版社
数值分析,李红,华中科技大学出版社
四世同堂,老舍,文汇出版社
唐朝那些事儿,钓雪人,天津人民出版社
唐史十二讲,黄永年,中华书局
陶瓷材料断裂力学,龚江宏,清华大学出版社
通俗天文学,纽科姆,当代世界出版社
通信原理,樊昌信,国防工业出版社
透平式压缩机,黄钟岳,化学工业出版社
瓦尔登湖,梭罗,文汇出版社
王昭君,庞天舒,新华出版社
围棋入门一本通,张英挺,河南科学技术出版社
乌托邦,莫尔,北京出版社
物理学史,郭奕玲,清华大学出版社
西方科学的起源,林德伯格,中国对外翻译出版公司
线性代数辅导及习题精解,张天德,新华出版社
线性代数与空间解析几何要点与解题,龚冬保,西安交通大学出版社
向量分析与场论,杨永发,南开大学出版社
心灵侦探,王溢嘉,国际文化出版公司
新大学日语标准教程,赵刚,人民军医出版社
新托福写作高分策略,李传伟,高等教育出版社
信号与系统考试要点与真题精解,吴京,国防科技大学出版社
虛拟样机软件MSC.ADAMS应用与提高,范成建,机械工业出版社
悬疑新势力排行榜,汤哲声,北京文艺出版社
压电铁电物理,王春雷,科学出版社
雅思写作8分直达,吕培明,上海交通大学出版社
演讲与口才知识全集,何书宏,北京工业大学出版社
一只特立独行的猪,王小波,北京工业大学出版社
仪器分析学习指导,方惠群,科学出版社
音乐素质600答,付林,中国文联出版公司
英汉材料科学词典,刘志刚,中国国际广播出版社
英语科技论文写作,丁西亚,西安交通大学出版社
运筹学全程导学及习题全解,张晋东,中国时代经济出版社
赵四小姐与张学良,赵云声,湖北人民出版社
智能材料与智能系统,杨大智,天津大学出版社
中文版Office 2007宝典,胡欣杰,电子工业出版社
自动控制原理考研试题分析与解答技巧,张苏英,北京航空航天大学出版社
最新入党培训学习问答,卢先福,人民出版社
ANSYS 12.0机械与结构有限元分析从入门到精通,薛风先,机械工业出版社
ANSYS Workbench 13.0从入门到精通,凌桂龙,清华大学出版社
C/C++程序员面试宝典,梁镇宇,清华大学出版社
C语言程序设计基础与上机指导,李岩,清华大学出版社
C语言程序设计教程、实验与练习,杨开城,人民邮电出版社
Effective C++,迈耶斯,电子工业出版社
Great expectations,狄更斯,大连理工大学出版社
LATEX入门,刘海洋,电子工业出版社
MATLAB基础及应用,刘勍,东南大学出版社
Pro/TOOLKIT程序设计,李世国,机械工业出版社
Protel 2004电路设计,赵景波,电子工业出版社
SPSS在医学科研中的应用,王乐三,化学工业出版社
TOEFL iBT高分作文,李笑来,群言出版社
Verilog HDL应用程序设计实例精讲,刘福奇,电子工业出版社
Б. П. 吉米多维奇数学分析习题精选精析,张新国,科学技术文献出版社
爱你就像爱生命,王小波,上海锦绣文章出版社
白鹿原,陈忠实,人民文学出版社
薄膜技术,王力衡,清华大学出版社
边城,沈从文,武汉出版社
濒死之眼,东野圭吾,上海译文出版社
冰与火之歌,马丁,重庆出版社
材料科学基础,张联盟,武汉理工大学出版社
材料科学基础,余永宁,高等敎育出版社
查拉图斯特拉如是说,尼采,漓江出版社
查拉图斯特拉如是说,尼采,北京出版社
产业组织理论,,
常微分方程,林武忠,科学出版社
沉默的大多数,王小波,译林出版社
城南旧事,林海音,人民文学出版社
程序设计基础,{000000}彩云,淸华大学出版社
大脑工作原理,哈肯,上海科技教育出版社
大秦帝国,毛颖,华夏出版社
大学基础物理学,张三慧,清华大学出版社
大学生入党教材,李友梅,上海大学出版社
大学物理教程学习指导书,廖耀发,高等敎育出版社
大学物理总复习,胡盘新,上海交通大学出版社
弹塑性力学基础理论,刘土光,华中科技大学出版社
德国通史,丁建弘,上海社会科学院出版社
德语实用语法,高亚祯,上海交通大学出版社
等离子体技术及应用,赵靑,国防工业出版社
电工电子技术,杨振坤,西安交通大学出版社
电工学 (上册) 习题与解析,赵锐,科学出版社
电路原理,弗洛伊德,电子工业出版社
东西文化及其哲学,梁漱溟,商务印书馆
发电厂热力系统及设备,严俊杰,西安交通大学出版社
法理学,博登海默,中国政法大学出版社
非粘性流体力学,董曾南,清华大学出版社
分岔与混沌理论及应用,张琪昌,天津大学出版社
分析化学,华东理工大学,高等教育出版社
愤怒的葡萄,斯坦贝克,上海译文出版社
福尔摩斯探案全集,柯南道尔,北方文艺出版社
傅佩荣解读易经,傅佩荣,线装书局
伽利略的苦恼,东野圭吾,译林出版社
概率论与数理统计,,浙江大学出版社
高等代数精选题解,杨子胥,高等教育出版社
高等代数习题解,杨子胥,山东科学技术出版社
高等代数习题与解析,李浩,兵器工业出版社
高等数学期末测试,侯玉娟,东北大学出版社
高频电子线路,曾兴雯,高等敎育出版社
歌剧魅影,勒鲁,重庆出版社
工程振动试验分析,李德葆,清华大学出版社
工科数学分析基础学习指导与习题解析,孙清华,华中科技大学出版社
固体物理基础,孙会元,科学出版社
官场现形记,李宝嘉,人民文学出版社
管理学,罗宾斯,中国人民大学出版社
过程控制工程及仿真,郭阳宽,电子工业出版社
哈利·波特与魔法石,罗林,人民文学出版社
黑格尔的智慧,黑格尔,中国电影出版社
红楼梦,曹雪芹,中华书局
环氧树脂电绝缘材料,俞翔霄,化学工业出版社
货币金融学,米什金,中国人民大学出版社
机器视觉算法与应用,施特格,清华大学出版社
机械故障诊断理论及应用,何正嘉,高等教育出版社
机械设计基础知识要点与习题解析,王世刚,国防工业出版社
基础化学学习指导,慕慧,科学出版社
基于MATLAB/Simulink的系统仿真技术与应用,薛定宇,清华大学出版社
寂静的春天,卡森,上海译文出版社
加缪全集,加缪,上海译文出版社
简明微分几何,马力,清华大学出版社
矩阵论学习辅导与典型题解析,林升旭,华中科技大学出版社
控制数学问题的MATLAB求解,薛定宇,清华大学出版社
力学,杨维hong,中国科学技术大学出版社
量子力学教程学习辅导书,张宏宝,高等敎育出版社
流体力学习题详解,怀特,晓园出版社
鹿鼎记,金庸,广州出版社
论法的精神,孟德斯鸠,中国社会科学出版社
马克思为什么是对的,伊格尔顿,新星出版社
马克思主义经典著作精选与导读,周向军,山东大学出版社
麦肯锡方法,拉塞尔,机械工业出版社
美丽新世界,赫胥黎,北京理工大学出版社
模型飞机空气动力学,西蒙斯,航空工业出版社
穆斯林的葬礼,霍达,人民文学出版社
女性心理学,克莱斯勒,上海社会科学院出版社
漂亮朋友,莫泊桑,人民文学出版社
普通话水平测试教程,彭红,华东师范大学出版社
棋行天下,董明珠,花城出版社
汽车构造,关文达,清华大学出版社
汽轮机课程设计参考资料,冯慧雯,水利电力出版社
全本新注聊斋志异,蒲松龄,人民文学出版社
全局优化引论,霍斯特,清华大学出版社
燃油燃气锅炉,赵钦新,西安交通大学出版社
热等离子体传热与流动,陈熙,科学出版社
热分析质谱法,陆昌伟,上海科学技术文献出版社
人工智能,卢格尔,机械工业出版社
人体寄生虫学图谱,乔继英,人民卫生出版社
人心与人生,梁漱溟,"上海世纪出版集团;""上海人民出版社"""
杀人不难,克里斯蒂,人民文学出版社
少年维特之烦恼,歌德,北京燕山出版社
设计调查,李乐山,中国建筑工业出版社
社会学与生活,谢弗,世界图书出版公司北京公司
射雕英雄传,金庸,广州出版社
沈从文小说名篇,沈丛文,时代文艺出版社
生物化学原理,纳尔逊,高等敎育出版社
圣诞奇案,克里斯蒂,人民文学出版社
实验动物与动物实验方法学,李凤奎,郑州大学出版社
试验设计,茆诗松,中国统计出版社
数据结构与面向对象程序设计,迈因,清华大学出版社
数据结构与算法,唐宁九,清华大学出版社
数据结构与算法分析,谢弗,电子工业出版社
数控机床电主轴单元技术,吴玉厚,机械工业出版社
数学分析教程,常庚哲,中国科学技术大学出版社
数学建模教程,吴孟达,高等教育出版社
数学建模原理与方法,曹旭东,高等教育出版社
数值分析,李庆扬,清华大学出版社
数字图像处理,阿查里雅,清华大学出版社
双城记,狄更斯,译林出版社
随机过程,何书元,北京大学出版社
天线理论与设计,斯塔兹曼,人民邮电出版社
统计学习理论,瓦普尼克,电子工业出版社
投资学,博迪,机械工业出版社
图像编码H. 264标准与关键技术,余兆明,人民邮电出版社
托福词汇,美国敎育考试中心,中国大百科全书出版社
托马斯大学微积分,哈斯,机械工业出版社
瓦尔登湖,梭罗,上海译文出版社
瓦尔登湖,梭罗,四川文艺出版社
完美应用Ubuntu,何晓龙,电子工业出版社
万古江河,许倬云,上海文艺出版社
汪国真诗文集,汪国真,广东旅游出版社
王尔德作品集,王尔德,人民文学出版社
微分几何初步,陈维桓,北京大学出版社
我的精神家园,王小波,中国人民大学出版社
我是猫,夏目漱石,吉林大学出版社
乌合之众,勒庞,新世界出版社
无线通信基础,谢,人民邮电出版社
务虚笔记,,作家出版社
细胞与分子生物学,杜德克,中信出版社
详解MATLAB在最优化计算中的应用,李明,电子工业出版社
新标准日语教程,杉谷正敏,大连出版社
新世纪英汉大学词典,罗选民,上海外语教育出版社
信号处理技术基础,周浩敏,北京航空航天大学出版社
信息论与编码理论,麦克伊利斯,电子工业出版社
刑法总则案例分析,黄京平,中国人民大学出版社
醒世恒言,冯梦龙,人民文学出版社
羊脂球,莫泊桑,译林出版社
氧化锌半导体材料掺杂技术与应用,叶志镇,浙江大学出版社
夜半笛声,蔡骏,万卷出版公司
倚天屠龙记,金庸,广州出版社
应用数理统计,朱勇华,武汉水利电力大学出版社
应用数理统计,叶慈南,机械工业出版社
英语名篇名段背诵精华,余健明,华东理工大学出版社
?分析及其应用,赵冠春,高等敎育出版社
幽默大师林语堂,朱艳丽,湖北人民出版社
有限元理论与方法,黄艾香,科学出版社
欲情课,渡边淳一,作家出版社
原子物理教程,张延惠,山东大学出版社
原罪,乔萨,北京十月文艺出版社
怎样说话才打动人,科尔,中央编译出版社
诊断学应试向导,武亚蕊,同济大学出版社
中级宏观经济学,亚伯,机械工业出版社
中外经典广告成功策划,刘博,贵州人民出版社
重温二战,刘波,国防大学出版社
周易,南怀瑾,重庆出版社
庄子,孙通海,中华书局
庄子通释,陆永品,中国社会科学出版社
自然哲学概论,奥斯特瓦尔德,华夏出版社
自适应滤波算法与实现,迪尼斯,电子工业出版社
《模拟电子技术基础》学习指导与解题指南,杨拴科,高等教育出版社
199个侦探推理游戏,赵帅通,广西人民出版社
51单片机及其C语言程序开发实例,戴仙金,清华大学出版社
60天攻克六级710分新题型,江涛,石油工业出版社
A second chicken soup for the woman's soul,坎菲尔德,安徽科学技术出版社
ANSYS工程分析实例教程,陈精一,中国铁道出版社
Autobiography,富兰克林,靑岛出版社
C程序设计(第四版)学习辅导,谭浩强,清华大学出版社
C语言程序设计,金,人民邮电出版社
EViews数据统计与分析教程,张大维,清华大学出版社
Excel在经济与数理统计中的应用,孙志刚,中国电力出版社
Java 从入门到精通,高宏静,化学工业出版社
Java应用开发技术基础,卫颜俊,西安交通大学出版社
LINGO和Excel在数学建模中的应用,袁新生,科学出版社
Little women,奥尔科特,外文出版社
MATLAB 7.2优化设计实例指导教程,褚洪生,机械工业出版社
MATLAB R2008 数字图像处理与分析实例教程,赵书兰,化学工业出版社
MATLAB程序设计与工程应用,张德丰,清华大学出版社
MATLAB实用数值分析,张德丰,清华大学出版社
MPI与OpenMP并行程序设计,奎因,清华大学出版社
Photoshop CS3/CS4中文版从入门到精通,雷波,机械工业出版社
Python 3程序开发指南,萨默菲尔德,人民邮电出版社
Sobolev空间与偏微分方程引论,王术,科学出版社
SPSS医学统计速学速用,于小林,人民军医出版社
TOEIC 990分核心词汇,吴亮,群言出版社
Б. П. 吉米多维奇数学分析习题全解,廖良文,安徽人民出版社
爱尔兰咖啡,蔡智恒,万卷出版公司
爱与生的苦恼,叔本华,光明日报出版社
半导体测试技术,孙以材,冶金工业出版社
半导体器件基础,皮埃雷,电子工业出版社
半导体器件物理,刘树林,电子工业出版社
被嫌弃的松子的一生,山田宗树,万卷出版公司
毕业生,朵蓝,湖南人民出版社
变压器设计原理,尹克宁,中国电力出版社
变压器速查速算手册,方大千,中国水利水电出版社
兵法精典新解,褚玉兰,山东大学出版社
博弈思维,潘天群,北京大学出版社
博弈与信息,拉斯穆森,中国人民大学出版社
材料科学导论,冯端,化学工业出版社
材料中残余应力的X射线衍射分析和作用,张定铨,西安交通大学出版社
操作系统概念,西尔伯莎茨,高等教育出版社
曾国藩文集,曾国藩,中国纺织出版社
常微分方程学习指导,杨作东,南京师范大学出版社
沉思录,奥里利厄斯,山东文艺出版社
城堡,卡夫卡,人民文学出版社
传热学,比安基,大连理工大学出版社
纯粹理性批判,康德,华中师范大学出版社
磁功能材料,孙光飞,化学工业出版社
大分子自组装,江明,科学出版社
大秦帝国,孙皓晖,上海人民出版社
大学基础物理学思考题与习题解答,黄伯坚,华中科技大学出版社
大学生党课教材,佘正松,西南交通大学出版社
大学数学典型题解析,陈仲,南京大学出版社
戴尔.卡耐基的智慧全集,黄永军,中国国际广播出版社
电磁学,张玉民,科学出版社
电化学方法应用,陈国华,化学工业出版社化学与应用化学出版中心
电力电子技术与MATLAB仿真,周渊深,中国电力出版社
电力系统规划基础,王锡凡,水利电力出版社
读史质疑,王重旭,中国传媒大学出版社
儿子与情人,劳伦斯,人民文学出版社
分布式系统,库劳里斯,机械工业出版社
复分析,郑建华,清华大学出版社
复活,托尔斯泰,长江文艺出版社
改变你一生的情商全集,余鸿,中国纺织出版社
概率论与数理统计学习指导,王玉民,清华大学出版社
高等工程热力学,童钧耕,科学出版社
高等量子力学,喀兴林,高等敎育出版社
高等数学,北京建筑工程学院,中国建材工业出版社
高等数学同步辅导,彭舟,航空工业出版社
高等数学习题与解析,胡新启,清华大学出版社
高分子化学,潘才元,中国科学技术大学出版社
高分子物理学,梁伯润,中国纺织出版社
工程经济学,刘新梅,北京大学出版社
滚动轴承分析,哈里斯,机械工业出版社
锅炉原理及计算,冯俊凯,科学出版社
孩子你慢慢来,龙应台,生活·读书·新知三联书店
航空发动机结构分析,刘长福,西北工业大学出版社
红楼十二钗评传,曹立波,清华大学出版社
宏观经济学,威廉森,中国人民大学出版社
宏观经济学,布兰查德,清华大学出版社
化工节能原理与技术,冯霄,化学工业出版社
基督山伯爵,大仲马,译林出版社
基度山恩仇记,大仲马,译林出版社
计算流体力学教程,张德良,高等教育出版社
甲状腺病学,白耀,科学技术文献出版社
简·爱,勃朗特,译林出版社
剑桥雅思真题全解6&7,胡敏,中国对外翻译出版公司
结构振动分析的子结构方法,殷学纲,中国铁道出版社
解密,麦家,人民文学出版社
界面与胶体的物理化学,李葵英,哈尔滨工业大学出版社
近世代数基础问题探析,齐晓梅,敎育科学出版社
经典场论,张启仁,科学出版社
精力管理,洛尔,中信出版社
精神病学,江开达,人民卫生出版社
空气动力学,陆志良,北京航空航天大学出版社
离散数学及其应用,罗森,机械工业出版社
离散数学习题解析,朱怀宏,南京大学出版社
离心通风机,成心德,化学工业出版社
理论力学习题与解析,李二丽,兵器工业出版社
量子力学,张永德,科学出版社
领袖们,尼克松,海南出版社
流体激振,陈佐一,清华大学出版社
流体力学,庄礼贤,中国科学技术大学出版社
流体力学,张兆顺,清华大学出版社
流体润滑理论及其应用,陈伯贤,机械工业出版社
路西法效应,津巴多,生活·读书·新知三联书店
论美国的民主,托克维尔,北京出版社
"逻辑新引;""怎样判别是非""",殷海光,上海三联书店
卖花女,萧伯纳,中国对外翻译出版公司
美国生活万象,,东方出版中心
秘密花园,伯内特,中国国际广播出版社
模拟电子技术基础,杨拴科,高等教育出版社
模式识别,张学工,清华大学出版社
模式识别与神经网络,殷勤业,机械工业出版社
纳米摩擦学,温诗铸,清华大学出版社
牛虻,伏尼契,译林出版社
女生寝室,沈醉天,广西人民出版社
破晓,梅尔,接力出版社
亲爱的三毛,三毛,北京十月文艺出版社
亲密关系,布雷姆,人民邮电出版社
权力意志,尼采,漓江出版社
全球视角的宏观经济学,萨克斯,"上海三联书店;""上海人民出版社"""
热质交换原理与设备,连之伟,中国建筑工业出版社
人力资源管理概论,彭剑锋,复旦大学出版社
人脸自动机器识别,段锦,科学出版社
人与永恒,周国平,北岳文艺出版社
入党积极分子必读,王久渊,西南交通大学出版社
三体X,宝树,重庆出版社
商务英语口语,邓长慧,武汉大学出版社
少有人走的路,佩克,吉林文史出版社
射频微电子,拉扎维,清华大学出版社
神经解剖学,蒋文华,复旦大学出版社
神经解剖学,菲克斯,"中信出版社;""辽宁教育出版社"""
审判,卡夫卡,上海文艺出版
生活在别处,昆德拉,上海译文出版社
圣经故事,洪佩奇,译林出版社
诗经,,华夏出版社
十年一梦,靑泽,企业管理出版社
十日谈,薄伽丘,人民文学出版社
世界文明史,马克,北京大学出版社
世界侦探推理小说经典秀,霍克,九洲出版社
数据结构要点与解题,朱战立,西安交通大学出版社
数论讲义,,高等教育出版社
数学建模,周永正,同济大学出版社
数学建模理论、方法及应用,房少梅,科学出版社
数学建模与实验,陈恩水,科学出版社
数学模型选讲,王树禾,科学出版社
数学物理方法,梁昆淼,高等教育出版社
水热结晶学,施尔畏,科学出版社
瞬间读懂你,涉谷昌三,科学出版社
死人的殿堂,克里斯蒂,人民文学出版社
宿命,东野圭吾,南海出版公司
随机过程习题解答,李裕奇,国防工业出版社
随机过程与应用,田铮,科学出版社
损伤力学及其应用,李兆霞,科学出版社
拓扑学基础及应用,亚当斯,机械工业出版社
太阳电池材料,杨德仁,化学工业出版社
唐诗三百首全解,蘅塘退士,复旦大学出版社
唐宋诗词八大家,黄益庸,黑龙江人民出版社
堂·吉诃德,塞万提斯,译林出版社
堂吉诃德,塞万提斯,人民文学出版社
图解圣经故事,傅宏基,陕西师范大学出版社
瓦尔登湖,梭罗,北京燕山出版社
瓦尔登湖,梭罗,译林出版社
围棋入门宝典,何庆腾,北京体育大学出版社
无机化学,大连理工大学,高等敎育出版社
午夜凶铃,铃木光司,南海出版公司
雾都孤儿,狄更斯,长江文艺出版社
希腊神话故事,施瓦布,当代世界出版社
线性代数,魏战线,西安交通大学出版社
线性系统理论,郑大钟,清华大学出版社
萧红集,萧红,花城出版社
小时代1.0折纸时代,郭敬明,长江文艺出版社
小团圆,张爱玲,北京十月文艺出版社
小镇生活,安妮宝贝,二十一世纪出版社
心理学原理,詹姆斯,九州出版社
心灵处方,毕淑敏,作家出版社
新型继电保护和故障测距的原理与技术,葛耀中,西安交通大学出版社
信号、系统与数字信号处理学习指导与实践,张小虹,机械工业出版社
信号完整性分析,博加京,电子工业出版社
羊皮卷智慧全书,唐汶,中央编译出版社
医学英语新教程,杨明山,上海世界图书出版公司
应用数理统计学习指导,朱勇华,武汉大学出版社
犹太人为什么聪明,亚伯拉,中央编译出版社
有限元方法,齐恩斯威克茨,清华大学出版社
有限元分析与CAE技术基础,,清华大学出版社
在大学以外你需要知道的一切,陈东,学林出版社
长安乱,韩寒,万卷出版公司
这个世界会好吗,梁漱溟,东方出版中心
智断疑案与逻辑推理,吴邛,重庆大学出版社
中文版Office 2007三合一,龙腾科技,科学出版社
最后一个匈奴,高建群,北京十月文艺出版社
最蓝的眼睛,莫里森,天津科技翻译出版公司
最优化理论与方法,黄平,清华大学出版社
做个积极寻梦的人,刘墉,长江文艺出版社
《庄子》注评,张采民,凤凰出版社
「自然辩证法」疑难解析,刘大椿,中国人民大学出版社
12类悬幻,阿西莫夫,中国书籍出版社
1912-1928文武北洋,李洁,广西师范大学出版社
8倍速记大学英语六级考试核心词汇,浩瀚,中国水利水电出版社
C++编程你也行,格拉斯保罗,机械工业出版社
EViews使用指南与案例,张晓峒,机械工业出版社
Excel统计分析实例精讲,李朋,"科学出版社;""北京科海电子出版社"""
GRE作文100篇,钱坤强,外语敎学与硏究出版社
JavaScript DOM编程艺术,基思,人民邮电出版社
LabVIEW 8.2中文版入门与典型实例,岂兴明,人民邮电出版社
LabVIEW大学实用教程,特拉维斯,电子工业出版社
Linux实践及应用,罗文村,清华大学出版社
MATLAB神经网络应用设计,张德丰,机械工业出版社
MATLAB与计算方法实验,谢进,武汉大学出版社
MATLAB在数学方面的应用,何正风,清华大学出版社
Nastran快速入门与实例,李增刚,国防工业出版社
Photoshop图像特效设计100例,丁海关,中国铁道出版社
PWM逆变技术及应用,陈国呈,中国电力出版社
Robinson crusoe,笛福,外语敎学与硏究出版社
SAS 8.2统计应用教程,薛富波,"兵器工业出版社;""北京希望电子出版社"""
Shell脚本学习指南,罗宾斯,机械工业出版社
SolidWorks动画演示与运动分析实例解析,江洪,机械工业出版社
SPSS 17中文版统计分析典型实例精粹,赖国毅,电子工业出版社
TOEFL词汇思马得记忆法,思马得学校,重庆大学出版社
Verilog HDL程序设计与实践,云创工作室,人民邮电出版社
爱玛,奥斯汀,上海译文出版社
暗战,米戎,朝华出版社
巴黎圣母院,雨果,译林出版社
百万英镑,马克·吐温,北京燕山出版社
板壳振动理论,曹志远,中国铁道
包法利夫人,福楼拜,上海译文出版社
北欧神话,何鹏,陕西人民出版社
"边城;""长河""",沈从文,天津人民出版社
病理学,张磊,人民军医出版社
材料力学,苟文选,西北工业大学出版社
材料力学学习指导典型题解,闵行,西安交通大学出版社
常微分方程,王高雄,高等教育出版社
沉思录,奥勒留,中央编译出版社
赤裸裸的经济学,韦兰,中信出版社
从惊讶到思考,韩雪涛,湖南科学技术出版社
大明王朝,刘和平,人民文学出版社
大学基础物理学,张三慧,清华大学出版社
大学普通化学教学同步练习题及详解,张诚,西北工业大学出版社
大学生数学竞赛习题精讲,陈兆斗,清华大学出版社
大学四年级,王小波,时代文艺出版社
大学物理学习与指导,王亚民,陕西科学技术出版社
电力系统优化规划,王锡凡,水利电力出版社
电子技术辅导讲案,张斌,西北工业大学出版社
动力系统的周期解与分支理论,韩茂安,科学出版社
二十世纪中东史,彭树智,高等教育出版社
法语交际口语渐进,曹德明,上海译文出版社
反转,那多,接力出版社
风险社会,贝克,译林出版社
福尔摩斯探案全集,柯南道尔,时事出版社
概率论基础,李贤平,高等教育出版社
概率论与数理统计解题方法与技巧,刘书田,北京大学出版社
概率论与数理统计学考指要,杨萍,西北工业大学出版社
概率统计教程学习指导,姚孟臣,清华大学出版社
感受英国,夏晓红,世界图书出版公司北京公司
钢笔行书教程,骆恒光,浙江文艺出版社
高等代数与解析几何,王心介,科学出版社
高等数学,上海财经大学,上海财经大学出版社
高等数学,吴建成,高等敎育出版社
高等数学学习指导,边馥萍,天津大学出版社
高等数学学习指导与习题解析,周泰文,华中科技大学出版社
高级微观经济学,蒋殿春,经济管理出版社
高压开关设备实用技术,李建基,中国电力出版社
格列佛游记,斯威夫特,人民文学出版社
工科数学分析基础,马知恩,高等敎育出版社
攻克面试实战求职英语20天,博业图书工作室,学林出版社
锅炉原理,樊泉桂,中国电力出版社
国富论,斯密,译林出版社
国际经济法,,北京大学出版社
国际贸易理论、政策与实务,冯宗宪,西安交通大学出版社
韩国语,韩国首尔大学语言敎育院,外语敎学与硏究出版社
红高粱家族,莫言,作家出版社
机械疲劳与可靠性设计,李舜酩,科学出版社
基本乐理教程,郭?{65},南京师范大学出版社
基础会计,陈国辉,东北财经大学出版社
计量经济学,孙敬水,清华大学出版社
计算机组成与设计,帕特森,机械工业出版社
计算流体力学,江春波,中国电力出版社
季羡林随想录,季羡林,中国城市出版社
结构方程模型原理与应用,王卫东,中国人民大学出版社
结晶化学导论,钱逸泰,中国科学技术大学出版社
金属的高温腐蚀,李美栓,冶金工业出版社
经济学原理,马歇尔,陕西人民出版社
精通正则表达式,弗里德尔,电子工业出版社
矩阵分析教程,董增福,哈尔滨工业大学出版社
卡耐基人生智慧箴言,张树满,中国经济出版社
科学技术学导论,张功耀,中南大学出版社
科学技术哲学导论,刘大椿,中国人民大学出版社
老人与海,海明威,译林出版社
老子庄子大学中庸尚书墨子,钟雷,黑龙江人民出版社
离散事件动态系统,郑大钟,清华大学出版社
离散数学,多西,清华大学出版社
黎曼博士的零点,萨巴,上海敎育出版社
理论力学 (第六版) 全程辅导,苏志平,辽宁师范大学出版社
理论力学考试要点与真题精解,刘新建,国防科技大学出版社
理论力学学习辅导,韦林,同济大学出版社
量子力学习题精选与剖析,钱伯初,科学出版社
量子物理,赵凯华,高等教育出版社
流体力学,庄礼贤,中国科学技术大学出版社
罗斯 《公司理财》 (第8版) 笔记和课后习题详解,圣才学习网,中国石化出版社
骆驼祥子,,南海出版公司
铝合金及应用,潘复生,化学工业出版社
毛泽东选集一至四卷注释校订本,中共中央文献研究室,中央文献出版社
美国建筑协会 (AIA) 金奖获得者专辑,王云龙,中国电力出版社
美国留学申请与书信实例,耿兴元,社会科学文献出版社
面试必胜法,新星出版社编辑部,中国社会科学出版社
明朝十讲,洪钊,哈尔滨出版社
明明白白心电图,柳俊,广东科技出版社
模糊控制理论与工程应用,曾光奇,华中科技大学出版社
模拟滤波器,丁士圻,哈尔滨工程大学出版社
欧洲史,戴维斯,世界知识出版社
千秋一寸心,周汝昌,中华书局
且听风吟,村上春树,上海译文出版社
氢能,毛宗强,化学工业出版社
燃料电池基础,奥黑尔,电子工业出版社
热的简史,范恩,东方出版社
热力学与统计物理,薛增泉,北京大学出版社
人间失格,太宰治,大连理工大学出版社
人间正道是沧桑,江奇涛,江苏文艺出版社
人情·世故,林夕,广西师范大学出版社
人性的弱点,卡耐基,同心出版社
日常生活中的自我呈现,戈夫曼,北京大学出版社
三体,刘慈欣,重庆出版社
莎士比亚喜剧悲剧集,莎士比亚,译林出版社
生物材料学,崔福斋,清华大学出版社
圣经的故事,房龙,吉林出版集团有限责任公司
诗经译注,程俊英,上海古籍出版社
时间序列分析,张贤达,清华大学出版社
实变函数论与泛函分析,夏道行,高等教育出版社
实用马尔可夫决策过程,刘克,清华大学出版社
史铁生精选集,史铁生,北京燕山出版社
矢量量化技术及应用,孙圣和,科学出版社
似水流年,王小波,上海锦绣文章出版社
首届中国建筑摄影大赛作品集,国际建协北京之路工作组,天津大学出版社
数学恩仇录,赫尔曼,复旦大学出版社
数学分析同步辅导,彭舟,航空工业出版社
数学建模简明教程,西北工业大学,高等敎育出版社
数学模型,郑煜,东北林业大学出版社
数学物理方程与特殊函数,方瑛,科学出版社
数学物理方法,沈,同济大学出版社
数学物理方法,李惜雯,西安交通大学出版社
数字信号处理及其MATLAB实现,Ingle,电子工业出版社
数字信号处理学习指导典型题解,刘鹏,西安交通大学出版社
苏菲的世界,戈德尔,作家出版社
陶瓷基复合材料,,国防科技大学出版社
特战先驱,业余狙击手,大众文艺出版社
天涯故事,余秋雨,中国盲文出版社
万历朝鲜战争,高拙音,长江文艺出版社
微观经济学,张国平,清华大学出版社
微机原理与接口技术复习指导和习题解答,王玉良,北京邮电大学出版社
微积分,苏德矿,"高等教育出版社;""施普林格出版社"""
物流系统规划－建模及实例分析,蔡临宁,机械工业出版社
西安交通大学校史,,西安交通大学出版社
西方经济学解析,陈恳,高等敎育出版社
希腊古典神话,施瓦布,译林出版社
先进纤维增强复合材料性能测试,霍奇金森,化学工业出版社
线性代数,李世栋,科学出版社
线性代数简明教程,居余马,清华大学出版社
线性规划理论与模型应用,束金龙,科学出版社
线性系统与信号,拉斯,西安交通大学出版社
像艺术家一样思考,爱德华兹,"北方文艺出版社;""海南出版社"""
心理学导论,海斯,电子工业出版社
新编博弈论平话,王则柯,中信出版社
新思路大学英语六级实训教程,胡萍英,国防工业出版社
信号与系统辅导及习题精解,胡冰新,陕西师范大学出版社
信息光学,苏显渝,四川大学出版社
行为心理学,冯绍群,广东旅游出版社
学练二十四式太极拳,李秋宝,江苏科学技术出版社
循环流化床锅炉设计与计算,朱国桢,清华大学出版社
压电换能器和换能器阵,栾桂冬,北京大学出版社
岩松看日本,白岩松,华艺出版社
羊脂球,莫泊桑,译林出版社
一生要了解的60位中华古代名将,莫一因,海潮出版社
仪器分析原理,何金兰,科学出版社
应用泛函分析原理,李广民,西安电子科技大学出版社
英语写作,王伟,西北工业大学出版社
影响力2,帕特森,中国人民大学出版社
涌现,霍兰,上海科学技术出版社
用Excel和SPSS学习统计学,毛炳寰,中国财政经济出版社
与外宾交友应急英语,刘洁,北京工业大学出版社
远大前程,狄更斯,上海译文出版社
越狱,朔伊林,上海译文出版社
运筹学,李军,科学出版社
运筹学导论,塔哈,人民邮电出版社
运筹学教程,胡运权,清华大学出版社
战争与和平,托尔斯泰,人民文学出版社
长恨歌,王安忆,黄山书社
哲学概论,尤煌杰,中国人民大学出版社
证券分析,格雷厄姆,上海财经大学出版社
证券投资理论与实务,,清华大学出版社
滞后非线性系统的分岔与奇异性,杨绍普,科学出版社
中国文化概论,张岱年,北京师范大学出版社
中国文学史,袁行霈,高等教育出版社
庄子通释,陆永品,经济管理出版社
自动控制原理 (第五版) 同步辅导及习题全解,孟浩,中国水利水电出版社
走进材料科学,卡恩,化学工业出版社
最佳悬疑小说,王干,"汕头大学出版社;""北京燕山出版社"""
力学以外的世界,奥莱尼克,北京大学出版社
